Timestamp,User Count,Type,Name,Requests/s,Failures/s,50%,66%,75%,80%,90%,95%,98%,99%,99.9%,99.99%,100%,Total Request Count,Total Failure Count,Total Median Response Time,Total Average Response Time,Total Min Response Time,Total Max Response Time,Total Average Content Size
1778448894,0,,Aggregated,0.000000,0.000000,N/A,N/A,N/A,N/A,N/A,N/A,N/A,N/A,N/A,N/A,N/A,0,0,0,0.0,0,0,0
1778448895,4,GET,GET /api/v1/questionnaires/active,0.000000,0.000000,0,0,0,0,0,0,0,0,0,0,0,3,0,43,39.50153333304721,30.86633999919286,44.17706800086307,0.0
1778448895,4,POST,POST /api/v1/auth/login,0.000000,0.000000,0,0,0,0,0,0,0,0,0,0,0,4,0,740,760.1819740011706,736.4814120010124,784.754337000777,360.0
1778448895,4,,Aggregated,0.000000,0.000000,0,0,0,0,0,0,0,0,0,0,0,7,0,740,451.3189280005463,30.86633999919286,784.754337000777,205.71428571428572
1778448896,8,GET,GET /api/v1/questionnaires/active,0.000000,0.000000,0,0,0,0,0,0,0,0,0,0,0,3,0,43,39.50153333304721,30.86633999919286,44.17706800086307,0.0
1778448896,8,POST,POST /api/v1/auth/login,0.000000,0.000000,0,0,0,0,0,0,0,0,0,0,0,8,0,780,847.6938006260752,736.4814120010124,996.5048710000701,360.0
1778448896,8,,Aggregated,0.000000,0.000000,780,900,910,910,940,1000,1000,1000,1000,1000,1000,11,0,780,627.2777277279766,30.86633999919286,996.5048710000701,261.8181818181818
1778448897,12,GET,GET /api/v1/questionnaires/active,0.000000,0.000000,85,85,85,85,85,85,85,85,85,85,85,5,0,44,57.270021000294946,30.86633999919286,84.50577700205031,0.0
1778448897,12,POST,POST /api/v1/auth/login,0.000000,0.000000,940,940,1000,1000,1000,1000,1000,1000,1000,1000,1000,8,0,780,847.6938006260752,736.4814120010124,996.5048710000701,360.0
1778448897,12,,Aggregated,0.000000,0.000000,740,780,900,910,940,1000,1000,1000,1000,1000,1000,13,0,740,543.6846546161597,30.86633999919286,996.5048710000701,221.53846153846155
1778448898,16,GET,GET /api/v1/analytics/health-board,0.000000,0.000000,0,0,0,0,0,0,0,0,0,0,0,3,0,74,522.6495343328376,57.194387998606544,1436.493793000409,75.0
1778448898,16,GET,GET /api/v1/analytics/summary,0.000000,0.000000,0,0,0,0,0,0,0,0,0,0,0,2,0,89,749.8497945016425,88.78721800283529,1410.9123710004496,75.0
1778448898,16,GET,GET /api/v1/questionnaires/active,1.500000,0.000000,85,85,85,85,85,85,85,85,85,85,85,5,0,44,57.270021000294946,30.86633999919286,84.50577700205031,0.0
1778448898,16,POST,POST /api/v1/auth/login,2.000000,0.000000,1300,1300,1400,1400,1500,1500,1500,1500,1500,1500,1500,12,0,910,1023.1244781674226,736.4814120010124,1499.3722299986985,360.0
1778448898,16,POST,POST /api/v1/surveys,0.000000,0.000000,0,0,0,0,0,0,0,0,0,0,0,7,0,91,647.0285024292285,30.794417001743568,2654.601320002257,254.28571428571428
1778448898,16,,Aggregated,3.500000,0.000000,740,940,1300,1400,1500,1500,2700,2700,2700,2700,2700,29,0,740,695.1962604143773,30.794417001743568,2654.601320002257,223.27586206896552
1778448899,20,GET,GET /api/v1/analytics/health-board,0.000000,0.000000,0,0,0,0,0,0,0,0,0,0,0,3,0,74,522.6495343328376,57.194387998606544,1436.493793000409,75.0
1778448899,20,GET,GET /api/v1/analytics/summary,0.000000,0.000000,0,0,0,0,0,0,0,0,0,0,0,3,0,89,524.5889553346691,74.06727700072224,1410.9123710004496,75.0
1778448899,20,GET,GET /api/v1/questionnaires/active,1.333333,0.000000,83,85,85,130,130,130,130,130,130,130,130,8,0,44,64.95056512494557,30.86633999919286,130.7612960008555,0.0
1778448899,20,POST,POST /api/v1/auth/login,2.666667,0.000000,1300,1300,1400,1400,1500,1500,1500,1500,1500,1500,1500,18,0,960,1090.6590588898932,736.4814120010124,1529.259135000757,360.0
1778448899,20,POST,POST /api/v1/surveys,0.000000,0.000000,0,0,0,0,0,0,0,0,0,0,0,9,0,58,511.7847698893456,30.794417001743568,2654.601320002257,254.33333333333334
1778448899,20,,Aggregated,4.000000,0.000000,740,960,1300,1300,1400,1500,2700,2700,2700,2700,2700,41,0,740,680.4694141225432,30.794417001743568,2654.601320002257,224.85365853658536
1778448900,20,GET,GET /api/v1/analytics/health-board,0.000000,0.000000,74,74,1400,1400,1400,1400,1400,1400,1400,1400,1400,3,0,74,522.6495343328376,57.194387998606544,1436.493793000409,75.0
1778448900,20,GET,GET /api/v1/analytics/summary,0.000000,0.000000,24,31,31,74,74,74,74,74,74,74,74,7,0,31,238.4439458577877,19.594830999267288,1410.9123710004496,75.0
1778448900,20,GET,GET /api/v1/questionnaires/active,1.250000,0.000000,41,62,83,85,130,130,130,130,130,130,130,12,0,41,52.29704783323541,17.316785000730306,130.7612960008555,0.0
1778448900,20,POST,POST /api/v1/auth/login,2.000000,0.000000,1200,1300,1400,1400,1500,1500,1500,1500,1500,1500,1500,20,0,1000,1085.1777546011363,736.4814120010124,1529.259135000757,360.0
1778448900,20,POST,POST /api/v1/surveys,0.000000,0.000000,36,42,43,43,58,58,58,58,58,58,58,15,0,42,321.9405917339221,26.263306001055753,2654.601320002257,254.46666666666667
1778448900,20,,Aggregated,3.250000,0.000000,85,900,1000,1200,1400,1500,1500,2700,2700,2700,2700,57,0,85,533.2856976497089,17.316785000730306,2654.601320002257,206.43859649122808
1778448901,20,GET,GET /api/v1/analytics/health-board,0.600000,0.000000,57,74,74,1400,1400,1400,1400,1400,1400,1400,1400,5,0,57,331.97960639954545,38.52964999896358,1436.493793000409,75.0
1778448901,20,GET,GET /api/v1/analytics/summary,0.400000,0.000000,24,31,31,74,74,74,74,74,74,74,74,7,0,31,238.4439458577877,19.594830999267288,1410.9123710004496,75.0
1778448901,20,GET,GET /api/v1/questionnaires/active,1.000000,0.000000,33,41,83,83,85,130,130,130,130,130,130,15,0,33,45.64731846670232,14.631428002758184,130.7612960008555,0.0
1778448901,20,POST,POST /api/v1/auth/login,2.400000,0.000000,1200,1300,1400,1400,1500,1500,1500,1500,1500,1500,1500,20,0,1000,1085.1777546011363,736.4814120010124,1529.259135000757,360.0
1778448901,20,POST,POST /api/v1/surveys,1.400000,0.000000,36,43,43,43,58,120,120,120,120,120,120,18,0,42,279.28377366717746,26.263306001055753,2654.601320002257,254.55555555555554
1778448901,20,,Aggregated,5.800000,0.000000,74,740,940,1000,1400,1500,1500,2700,2700,2700,2700,65,0,74,472.9904376620722,14.631428002758184,2654.601320002257,195.1076923076923
1778448902,20,GET,GET /api/v1/analytics/health-board,0.500000,0.000000,53,57,74,74,1400,1400,1400,1400,1400,1400,1400,7,0,53,246.65569271434964,25.459681000938872,1436.493793000409,75.0
1778448902,20,GET,GET /api/v1/analytics/summary,0.666667,0.000000,30,30,31,31,74,74,74,74,74,74,74,8,0,30,212.39596887562584,19.594830999267288,1410.9123710004496,75.0
1778448902,20,GET,GET /api/v1/questionnaires/active,1.500000,0.000000,33,40,53,62,85,130,130,130,130,130,130,21,0,33,41.39528538092106,14.631428002758184,130.7612960008555,0.0
1778448902,20,POST,POST /api/v1/auth/login,3.333333,0.000000,1200,1300,1400,1400,1500,1500,1500,1500,1500,1500,1500,20,0,1000,1085.1777546011363,736.4814120010124,1529.259135000757,360.0
1778448902,20,POST,POST /api/v1/surveys,2.000000,0.000000,34,42,43,43,58,120,120,120,120,120,120,21,0,36,243.31432328610737,23.533842999313492,2654.601320002257,254.47619047619048
1778448902,20,,Aggregated,8.000000,0.000000,53,120,900,960,1400,1500,1500,2700,2700,2700,2700,77,0,53,404.002785377088,14.631428002758184,2654.601320002257,177.5194805194805
1778448903,20,GET,GET /api/v1/analytics/health-board,0.428571,0.000000,53,57,74,74,1400,1400,1400,1400,1400,1400,1400,7,0,53,246.65569271434964,25.459681000938872,1436.493793000409,75.0
1778448903,20,GET,GET /api/v1/analytics/summary,1.000000,0.000000,30,31,50,50,74,74,74,74,74,74,74,9,0,31,194.37182155646346,19.594830999267288,1410.9123710004496,75.0
1778448903,20,GET,GET /api/v1/questionnaires/active,1.714286,0.000000,25,33,40,53,83,85,130,130,130,130,130,28,0,27,36.17736592851933,14.631428002758184,130.7612960008555,0.0
1778448903,20,POST,POST /api/v1/auth/login,2.857143,0.000000,1200,1300,1400,1400,1500,1500,1500,1500,1500,1500,1500,20,0,1000,1085.1777546011363,736.4814120010124,1529.259135000757,360.0
1778448903,20,POST,POST /api/v1/surveys,2.142857,0.000000,34,42,43,43,58,120,120,120,120,120,120,23,0,36,225.76500352189888,23.533842999313492,2654.601320002257,254.52173913043478
1778448903,20,,Aggregated,8.142857,0.000000,43,85,780,940,1300,1400,1500,2700,2700,2700,2700,87,0,43,360.74773174751215,14.631428002758184,2654.601320002257,163.83908045977012
1778448904,20,GET,GET /api/v1/analytics/health-board,0.625000,0.000000,53,57,74,74,1400,1400,1400,1400,1400,1400,1400,7,0,53,246.65569271434964,25.459681000938872,1436.493793000409,75.0
1778448904,20,GET,GET /api/v1/analytics/summary,0.875000,0.000000,31,50,57,57,74,74,74,74,74,74,74,10,0,31,180.65228870073042,19.594830999267288,1410.9123710004496,75.0
1778448904,20,GET,GET /api/v1/questionnaires/active,2.000000,0.000000,23,28,33,41,83,85,130,130,130,130,130,33,0,25,33.13771399993901,14.631428002758184,130.7612960008555,0.0
1778448904,20,POST,POST /api/v1/auth/login,2.500000,0.000000,1200,1300,1400,1400,1500,1500,1500,1500,1500,1500,1500,20,0,1000,1085.1777546011363,736.4814120010124,1529.259135000757,360.0
1778448904,20,POST,POST /api/v1/surveys,2.250000,0.000000,34,36,43,43,58,120,120,120,120,120,120,25,0,34,209.88913856010186,23.533842999313492,2654.601320002257,254.52
1778448904,20,,Aggregated,8.250000,0.000000,41,74,740,910,1300,1400,1500,2700,2700,2700,2700,95,0,41,332.394114252958,14.631428002758184,2654.601320002257,156.18947368421053
1778448905,20,GET,GET /api/v1/analytics/health-board,0.777778,0.000000,41,53,57,74,1400,1400,1400,1400,1400,1400,1400,10,0,39,176.59984110032383,8.236998000938911,1436.493793000409,75.0
1778448905,20,GET,GET /api/v1/analytics/summary,0.888889,0.000000,30,31,50,57,74,74,74,74,74,74,74,11,0,31,166.03614663703908,19.594830999267288,1410.9123710004496,75.0
1778448905,20,GET,GET /api/v1/questionnaires/active,2.333333,0.000000,20,27,33,40,62,85,130,130,130,130,130,38,0,21,30.696649789445615,11.235147001571022,130.7612960008555,0.0
1778448905,20,POST,POST /api/v1/auth/login,2.222222,0.000000,1200,1300,1400,1400,1500,1500,1500,1500,1500,1500,1500,20,0,1000,1085.1777546011363,736.4814120010124,1529.259135000757,360.0
1778448905,20,POST,POST /api/v1/surveys,2.444444,0.000000,31,34,42,43,55,58,120,120,120,120,120,28,0,33,189.52761092870267,14.55816700035939,2654.601320002257,254.57142857142858
1778448905,20,,Aggregated,8.666667,0.000000,33,57,89,900,1300,1400,1500,2700,2700,2700,2700,107,0,34,296.90838237416824,8.236998000938911,2654.601320002257,148.62616822429908
1778448906,20,GET,GET /api/v1/analytics/health-board,0.700000,0.000000,25,41,53,57,74,1400,1400,1400,1400,1400,1400,14,0,19,130.83961671431356,8.236998000938911,1436.493793000409,75.0
1778448906,20,GET,GET /api/v1/analytics/summary,0.900000,0.000000,30,31,50,57,74,74,74,74,74,74,74,11,0,31,166.03614663703908,19.594830999267288,1410.9123710004496,75.0
1778448906,20,GET,GET /api/v1/questionnaires/active,2.900000,0.000000,20,25,28,33,53,85,130,130,130,130,130,40,0,20,29.83422467505079,10.304864001227543,130.7612960008555,0.0
1778448906,20,POST,POST /api/v1/auth/login,2.000000,0.000000,1200,1300,1400,1400,1500,1500,1500,1500,1500,1500,1500,20,0,1000,1085.1777546011363,736.4814120010124,1529.259135000757,360.0
1778448906,20,POST,POST /api/v1/surveys,2.400000,0.000000,33,36,42,43,56,58,120,120,120,120,120,34,0,33,161.9355756471016,14.55816700035939,2654.601320002257,254.55882352941177
1778448906,20,,Aggregated,8.900000,0.000000,31,42,58,85,1300,1400,1500,1500,2700,2700,2700,119,0,33,269.41920922717674,8.236998000938911,2654.601320002257,148.99159663865547
1778448907,20,GET,GET /api/v1/analytics/health-board,0.700000,0.000000,25,39,41,53,74,1400,1400,1400,1400,1400,1400,17,0,25,112.0442661764066,8.236998000938911,1436.493793000409,75.0
1778448907,20,GET,GET /api/v1/analytics/summary,1.000000,0.000000,30,31,50,57,74,74,74,74,74,74,74,11,0,31,166.03614663703908,19.594830999267288,1410.9123710004496,75.0
1778448907,20,GET,GET /api/v1/questionnaires/active,3.300000,0.000000,20,25,28,33,53,85,130,130,130,130,130,43,0,20,29.094273860442456,10.304864001227543,130.7612960008555,0.0
1778448907,20,POST,POST /api/v1/auth/login,2.000000,0.000000,1300,1300,1400,1400,1500,1500,1500,1500,1500,1500,1500,20,0,1000,1085.1777546011363,736.4814120010124,1529.259135000757,360.0
1778448907,20,POST,POST /api/v1/surveys,2.600000,0.000000,31,36,42,43,55,58,120,120,120,120,120,39,0,33,145.5099585129154,14.55816700035939,2654.601320002257,254.6153846153846
1778448907,20,,Aggregated,9.600000,0.000000,30,40,55,62,1200,1400,1500,1500,2700,2700,2700,130,0,31,248.9280568310138,8.236998000938911,2654.601320002257,147.92307692307693
1778448908,20,GET,GET /api/v1/analytics/health-board,1.100000,0.000000,25,39,41,53,74,1400,1400,1400,1400,1400,1400,17,0,25,112.0442661764066,8.236998000938911,1436.493793000409,75.0
1778448908,20,GET,GET /api/v1/analytics/summary,1.100000,0.000000,30,31,50,57,74,74,74,74,74,74,74,11,0,31,166.03614663703908,19.594830999267288,1410.9123710004496,75.0
1778448908,20,GET,GET /api/v1/questionnaires/active,3.600000,0.000000,20,25,27,28,40,53,130,130,130,130,130,47,0,21,28.74259534044231,10.304864001227543,130.7612960008555,0.0
1778448908,20,POST,POST /api/v1/auth/login,1.600000,0.000000,1200,1300,1400,1400,1500,1500,1500,1500,1500,1500,1500,20,0,1000,1085.1777546011363,736.4814120010124,1529.259135000757,360.0
1778448908,20,POST,POST /api/v1/surveys,2.900000,0.000000,31,36,42,43,56,60,120,120,120,120,120,41,0,33,140.51661302446297,14.55816700035939,2654.601320002257,254.6341463414634
1778448908,20,,Aggregated,10.300000,0.000000,26,33,40,43,74,1000,1300,1400,1500,1500,1500,136,0,31,239.31462018406498,8.236998000938911,2654.601320002257,145.14705882352942
1778448909,20,GET,GET /api/v1/analytics/health-board,1.500000,0.000000,22,25,39,41,57,74,1400,1400,1400,1400,1400,21,0,22,94.1030130951341,8.236998000938911,1436.493793000409,75.0
1778448909,20,GET,GET /api/v1/analytics/summary,1.100000,0.000000,30,31,50,50,57,57,57,57,57,57,57,12,0,30,153.02125016751233,9.857389002718264,1410.9123710004496,75.0
1778448909,20,GET,GET /api/v1/questionnaires/active,3.700000,0.000000,17,21,25,25,28,33,53,53,53,53,53,53,0,20,26.7440910188356,7.076855999912368,130.7612960008555,0.0
1778448909,20,POST,POST /api/v1/auth/login,1.200000,0.000000,1200,1300,1400,1400,1500,1500,1500,1500,1500,1500,1500,20,0,1000,1085.1777546011363,736.4814120010124,1529.259135000757,360.0
1778448909,20,POST,POST /api/v1/surveys,3.500000,0.000000,31,34,37,39,55,60,120,120,120,120,120,44,0,32,132.8444252502033,14.55816700035939,2654.601320002257,254.61363636363637
1778448909,20,,Aggregated,11.000000,0.000000,23,27,30,33,41,53,57,60,120,120,120,150,0,29,218.52376602691947,7.076855999912368,2654.601320002257,139.18666666666667
1778448910,20,GET,GET /api/v1/analytics/health-board,1.700000,0.000000,19,25,25,29,41,53,53,53,53,53,53,22,0,19,90.45982795446021,8.236998000938911,1436.493793000409,75.0
1778448910,20,GET,GET /api/v1/analytics/summary,1.100000,0.000000,21,30,31,50,57,57,57,57,57,57,57,13,0,30,142.10701746224703,9.857389002718264,1410.9123710004496,75.0
1778448910,20,GET,GET /api/v1/questionnaires/active,3.800000,0.000000,17,20,21,25,28,30,53,53,53,53,53,58,0,18,25.751922086156213,7.076855999912368,130.7612960008555,0.0
1778448910,20,POST,POST /api/v1/auth/login,1.200000,0.000000,1200,1300,1400,1400,1500,1500,1500,1500,1500,1500,1500,20,0,1000,1085.1777546011363,736.4814120010124,1529.259135000757,360.0
1778448910,20,POST,POST /api/v1/surveys,4.000000,0.000000,28,33,37,39,55,60,120,120,120,120,120,46,0,31,128.13478669586007,14.55816700035939,2654.601320002257,254.6086956521739
1778448910,20,,Aggregated,11.800000,0.000000,21,25,28,31,41,53,57,60,120,120,120,159,0,28,207.0998377549477,7.076855999912368,2654.601320002257,135.45283018867926
1778448911,20,GET,GET /api/v1/analytics/health-board,1.400000,0.000000,18,19,25,25,29,41,41,41,41,41,41,25,0,19,81.42382843987434,8.061178999923868,1436.493793000409,75.0
1778448911,20,GET,GET /api/v1/analytics/summary,0.900000,0.000000,28,30,50,50,57,57,57,57,57,57,57,14,0,28,133.9252095008955,9.857389002718264,1410.9123710004496,75.0
1778448911,20,GET,GET /api/v1/questionnaires/active,4.300000,0.000000,17,20,21,25,28,30,53,53,53,53,53,60,0,18,25.625066766648768,7.076855999912368,130.7612960008555,0.0
1778448911,20,POST,POST /api/v1/auth/login,0.800000,0.000000,1200,1300,1400,1400,1500,1500,1500,1500,1500,1500,1500,20,0,1000,1085.1777546011363,736.4814120010124,1529.259135000757,360.0
1778448911,20,POST,POST /api/v1/surveys,3.400000,0.000000,28,33,37,37,55,56,60,60,60,60,60,48,0,32,124.32191297943973,14.55816700035939,2654.601320002257,254.625
1778448911,20,,Aggregated,10.800000,0.000000,20,25,28,30,37,52,56,57,60,60,60,167,0,28,198.3177219463722,7.076855999912368,2654.601320002257,133.81437125748502
1778448912,20,GET,GET /api/v1/analytics/health-board,1.800000,0.000000,19,22,25,25,31,31,41,41,41,41,41,27,0,19,77.67507307397426,8.061178999923868,1436.493793000409,75.0
1778448912,20,GET,GET /api/v1/analytics/summary,0.800000,0.000000,28,50,51,51,57,57,57,57,57,57,57,16,0,28,121.26747006323058,9.857389002718264,1410.9123710004496,75.0
1778448912,20,GET,GET /api/v1/questionnaires/active,4.400000,0.000000,17,20,21,23,25,28,30,30,30,30,30,65,0,18,25.188645692273546,7.076855999912368,130.7612960008555,0.0
1778448912,20,POST,POST /api/v1/auth/login,0.000000,0.000000,1200,1300,1400,1400,1500,1500,1500,1500,1500,1500,1500,20,0,1000,1085.1777546011363,736.4814120010124,1529.259135000757,360.0
1778448912,20,POST,POST /api/v1/surveys,3.300000,0.000000,28,34,37,37,52,56,60,60,60,60,60,51,0,33,118.96229956897407,14.55816700035939,2654.601320002257,254.62745098039215
1778448912,20,,Aggregated,10.300000,0.000000,20,25,28,30,37,50,56,57,60,60,60,179,0,28,186.84581471534736,7.076855999912368,2654.601320002257,130.7877094972067
1778448913,20,GET,GET /api/v1/analytics/health-board,1.900000,0.000000,18,19,25,25,29,31,31,31,31,31,31,30,0,19,71.82190709997182,8.061178999923868,1436.493793000409,75.0
1778448913,20,GET,GET /api/v1/analytics/summary,0.600000,0.000000,20,28,51,51,57,57,57,57,57,57,57,16,0,28,121.26747006323058,9.857389002718264,1410.9123710004496,75.0
1778448913,20,GET,GET /api/v1/questionnaires/active,4.600000,0.000000,16,17,20,22,25,30,30,30,30,30,30,66,0,18,25.035193151504217,7.076855999912368,130.7612960008555,0.0
1778448913,20,POST,POST /api/v1/auth/login,0.000000,0.000000,1200,1300,1400,1400,1500,1500,1500,1500,1500,1500,1500,20,0,1000,1085.1777546011363,736.4814120010124,1529.259135000757,360.0
1778448913,20,POST,POST /api/v1/surveys,3.100000,0.000000,31,34,37,39,52,60,62,62,62,62,62,57,0,33,110.33689057927532,14.55816700035939,2654.601320002257,254.6315789473684
1778448913,20,,Aggregated,10.200000,0.000000,20,25,29,31,37,52,60,62,62,62,62,189,0,28,178.51861024894995,7.076855999912368,2654.601320002257,133.14285714285714
1778448914,20,GET,GET /api/v1/analytics/health-board,2.000000,0.000000,18,21,25,29,31,31,39,39,39,39,39,32,0,19,69.2203984998514,8.061178999923868,1436.493793000409,75.0
1778448914,20,GET,GET /api/v1/analytics/summary,0.800000,0.000000,20,27,28,28,51,51,51,51,51,51,51,17,0,28,115.72852558888638,9.857389002718264,1410.9123710004496,75.0
1778448914,20,GET,GET /api/v1/questionnaires/active,4.400000,0.000000,15,17,22,22,25,30,30,30,30,30,30,69,0,18,24.676906434805183,7.076855999912368,130.7612960008555,0.0
1778448914,20,POST,POST /api/v1/auth/login,0.000000,0.000000,1200,1300,1400,1400,1500,1500,1500,1500,1500,1500,1500,20,0,1000,1085.1777546011363,736.4814120010124,1529.259135000757,360.0
1778448914,20,POST,POST /api/v1/surveys,3.000000,0.000000,30,34,37,39,52,60,62,62,62,62,62,61,0,31,104.37937875436457,13.811923996399855,2654.601320002257,254.63934426229508
1778448914,20,,Aggregated,10.200000,0.000000,21,25,29,31,37,46,56,60,62,62,62,199,0,27,170.63236898013486,7.076855999912368,2654.601320002257,132.7035175879397
1778448915,20,GET,GET /api/v1/analytics/health-board,2.000000,0.000000,19,22,25,29,31,31,39,39,39,39,39,33,0,19,67.63848469684793,8.061178999923868,1436.493793000409,75.0
1778448915,20,GET,GET /api/v1/analytics/summary,0.800000,0.000000,20,27,28,28,51,51,51,51,51,51,51,17,0,28,115.72852558888638,9.857389002718264,1410.9123710004496,75.0
1778448915,20,GET,GET /api/v1/questionnaires/active,4.500000,0.000000,15,17,22,22,25,30,30,30,30,30,30,75,0,17,23.68796977340632,7.076855999912368,130.7612960008555,0.0
1778448915,20,POST,POST /api/v1/auth/login,0.000000,0.000000,1200,1300,1400,1400,1500,1500,1500,1500,1500,1500,1500,20,0,1000,1085.1777546011363,736.4814120010124,1529.259135000757,360.0
1778448915,20,POST,POST /api/v1/surveys,3.000000,0.000000,30,34,37,39,52,60,62,62,62,62,62,64,0,31,100.62352923461049,13.811923996399855,2654.601320002257,254.65625
1778448915,20,,Aggregated,10.300000,0.000000,22,26,30,31,37,51,60,62,62,62,62,209,0,26,163.25126136866183,7.076855999912368,2654.601320002257,130.3732057416268
1778448916,20,GET,GET /api/v1/analytics/health-board,2.300000,0.000000,19,22,25,29,31,39,39,39,39,39,39,33,0,19,67.63848469684793,8.061178999923868,1436.493793000409,75.0
1778448916,20,GET,GET /api/v1/analytics/summary,0.700000,0.000000,20,27,28,28,51,51,51,51,51,51,51,18,0,27,110.07821744493009,9.857389002718264,1410.9123710004496,75.0
1778448916,20,GET,GET /api/v1/questionnaires/active,3.700000,0.000000,15,17,20,22,25,30,30,30,30,30,30,80,0,17,23.083731337555946,7.076855999912368,130.7612960008555,0.0
1778448916,20,POST,POST /api/v1/auth/login,0.000000,0.000000,1200,1300,1400,1400,1500,1500,1500,1500,1500,1500,1500,20,0,1000,1085.1777546011363,736.4814120010124,1529.259135000757,360.0
1778448916,20,POST,POST /api/v1/surveys,3.300000,0.000000,29,32,34,37,46,60,62,62,62,62,62,68,0,31,96.29661123546933,13.811923996399855,2654.601320002257,254.61764705882354
1778448916,20,,Aggregated,10.000000,0.000000,21,25,28,30,37,46,60,62,62,62,62,219,0,25,156.67534736093077,7.076855999912368,2654.601320002257,129.40182648401827
1778448917,20,GET,GET /api/v1/analytics/health-board,2.500000,0.000000,19,25,29,31,35,39,39,39,39,39,39,34,0,19,66.6728679998949,8.061178999923868,1436.493793000409,75.0
1778448917,20,GET,GET /api/v1/analytics/summary,0.700000,0.000000,25,27,28,28,51,51,51,51,51,51,51,19,0,27,105.60489379005097,9.857389002718264,1410.9123710004496,75.0
1778448917,20,GET,GET /api/v1/questionnaires/active,3.700000,0.000000,14,17,18,20,25,28,30,30,30,30,30,84,0,17,22.451437904800557,7.076855999912368,130.7612960008555,0.0
1778448917,20,POST,POST /api/v1/auth/login,0.000000,0.000000,0,0,0,0,0,0,0,0,0,0,0,20,0,1000,1085.1777546011363,736.4814120010124,1529.259135000757,360.0
1778448917,20,POST,POST /api/v1/surveys,3.500000,0.000000,26,30,33,34,39,46,62,62,62,62,62,73,0,31,91.34845417828143,13.811923996399855,2654.601320002257,254.63013698630138
1778448917,20,,Aggregated,10.400000,0.000000,20,25,28,30,34,39,51,62,62,62,62,230,0,25,150.13601532629528,7.076855999912368,2654.601320002257,129.40434782608696
1778448918,20,GET,GET /api/v1/analytics/health-board,2.200000,0.000000,19,25,29,31,35,39,39,39,39,39,39,34,0,19,66.6728679998949,8.061178999923868,1436.493793000409,75.0
1778448918,20,GET,GET /api/v1/analytics/summary,0.600000,0.000000,25,27,28,28,51,51,51,51,51,51,51,19,0,27,105.60489379005097,9.857389002718264,1410.9123710004496,75.0
1778448918,20,GET,GET /api/v1/questionnaires/active,3.600000,0.000000,13,15,17,17,22,25,30,30,30,30,30,91,0,17,21.78199916482669,7.076855999912368,130.7612960008555,0.0
1778448918,20,POST,POST /api/v1/auth/login,0.000000,0.000000,0,0,0,0,0,0,0,0,0,0,0,20,0,1000,1085.1777546011363,736.4814120010124,1529.259135000757,360.0
1778448918,20,POST,POST /api/v1/surveys,3.500000,0.000000,26,30,33,34,39,46,62,62,62,62,62,74,0,30,90.3737265542421,13.811923996399855,2654.601320002257,254.6216216216216
1778448918,20,,Aggregated,9.900000,0.000000,18,23,27,29,33,39,46,51,62,62,62,238,0,25,145.57455157581202,7.076855999912368,2654.601320002257,126.1218487394958
1778448919,20,GET,GET /api/v1/analytics/health-board,1.800000,0.000000,19,29,31,31,35,39,39,39,39,39,39,34,0,19,66.6728679998949,8.061178999923868,1436.493793000409,75.0
1778448919,20,GET,GET /api/v1/analytics/summary,0.700000,0.000000,20,25,27,28,51,51,51,51,51,51,51,21,0,25,97.30315633385631,9.857389002718264,1410.9123710004496,75.0
1778448919,20,GET,GET /api/v1/questionnaires/active,3.900000,0.000000,13,15,16,17,22,25,30,30,30,30,30,96,0,16,21.241701093723957,7.076855999912368,130.7612960008555,0.0
1778448919,20,POST,POST /api/v1/auth/login,0.000000,0.000000,0,0,0,0,0,0,0,0,0,0,0,20,0,1000,1085.1777546011363,736.4814120010124,1529.259135000757,360.0
1778448919,20,POST,POST /api/v1/surveys,3.400000,0.000000,28,30,33,33,37,46,62,62,62,62,62,77,0,30,87.70935423393445,13.811923996399855,2654.601320002257,254.6103896103896
1778448919,20,,Aggregated,9.800000,0.000000,17,23,28,29,33,39,51,62,62,62,62,248,0,25,140.34928414532496,7.076855999912368,2654.601320002257,124.71774193548387
1778448920,20,GET,GET /api/v1/analytics/health-board,1.700000,0.000000,21,31,31,35,38,39,39,39,39,39,39,36,0,19,64.42605891657473,8.061178999923868,1436.493793000409,75.0
1778448920,20,GET,GET /api/v1/analytics/summary,0.800000,0.000000,25,27,28,30,51,51,51,51,51,51,51,23,0,25,91.08365082647651,9.857389002718264,1410.9123710004496,75.0
1778448920,20,GET,GET /api/v1/questionnaires/active,4.200000,0.000000,13,15,16,17,22,25,30,30,30,30,30,101,0,16,20.86469208903635,7.076855999912368,130.7612960008555,0.0
1778448920,20,POST,POST /api/v1/auth/login,0.000000,0.000000,0,0,0,0,0,0,0,0,0,0,0,20,0,1000,1085.1777546011363,736.4814120010124,1529.259135000757,360.0
1778448920,20,POST,POST /api/v1/surveys,3.300000,0.000000,28,31,33,34,38,46,62,62,62,62,62,80,0,30,85.60902295012056,13.811923996399855,2654.601320002257,254.6125
1778448920,20,,Aggregated,10.000000,0.000000,18,25,28,30,34,38,46,51,62,62,62,260,0,24,134.89951122704113,7.076855999912368,2654.601320002257,123.05384615384615
1778448921,20,GET,GET /api/v1/analytics/health-board,1.700000,0.000000,29,31,35,35,38,39,39,39,39,39,39,36,0,19,64.42605891657473,8.061178999923868,1436.493793000409,75.0
1778448921,20,GET,GET /api/v1/analytics/summary,0.800000,0.000000,25,27,30,30,51,51,51,51,51,51,51,23,0,25,91.08365082647651,9.857389002718264,1410.9123710004496,75.0
1778448921,20,GET,GET /api/v1/questionnaires/active,4.400000,0.000000,13,15,16,17,19,22,28,28,28,28,28,104,0,16,20.665201249917466,7.076855999912368,130.7612960008555,0.0
1778448921,20,POST,POST /api/v1/auth/login,0.000000,0.000000,0,0,0,0,0,0,0,0,0,0,0,20,0,1000,1085.1777546011363,736.4814120010124,1529.259135000757,360.0
1778448921,20,POST,POST /api/v1/surveys,3.500000,0.000000,28,30,33,33,43,62,79,79,79,79,79,84,0,30,83.58749203580373,13.811923996399855,2654.601320002257,254.63095238095238
1778448921,20,,Aggregated,10.400000,0.000000,19,25,28,30,35,43,62,79,79,79,79,267,0,25,132.1660952922371,7.076855999912368,2654.601320002257,123.64794007490637
1778448922,20,GET,GET /api/v1/analytics/health-board,1.400000,0.000000,21,29,35,38,39,39,39,39,39,39,39,36,0,19,64.42605891657473,8.061178999923868,1436.493793000409,75.0
1778448922,20,GET,GET /api/v1/analytics/summary,0.900000,0.000000,25,27,30,30,51,51,51,51,51,51,51,23,0,25,91.08365082647651,9.857389002718264,1410.9123710004496,75.0
1778448922,20,GET,GET /api/v1/questionnaires/active,4.300000,0.000000,13,15,17,18,22,26,38,38,38,38,38,109,0,16,20.763370110049905,7.076855999912368,130.7612960008555,0.0
1778448922,20,POST,POST /api/v1/auth/login,0.000000,0.000000,0,0,0,0,0,0,0,0,0,0,0,20,0,1000,1085.1777546011363,736.4814120010124,1529.259135000757,360.0
1778448922,20,POST,POST /api/v1/surveys,3.200000,0.000000,26,30,32,33,41,62,79,79,79,79,79,85,0,30,83.09193695304737,13.811923996399855,2654.601320002257,254.6235294117647
1778448922,20,,Aggregated,9.800000,0.000000,17,23,27,29,35,40,62,79,79,79,79,273,0,25,129.830912692428,7.076855999912368,2654.601320002257,121.86080586080585
1778448923,20,GET,GET /api/v1/analytics/health-board,1.400000,0.000000,24,35,38,39,53,53,53,53,53,53,53,39,0,21,61.9874479228971,8.061178999923868,1436.493793000409,75.0
1778448923,20,GET,GET /api/v1/analytics/summary,1.000000,0.000000,21,22,25,27,30,30,30,30,30,30,30,26,0,22,82.83783307734456,9.857389002718264,1410.9123710004496,75.0
1778448923,20,GET,GET /api/v1/questionnaires/active,4.400000,0.000000,13,15,17,18,22,26,38,38,38,38,38,113,0,16,20.841903123858827,7.076855999912368,130.7612960008555,0.0
1778448923,20,POST,POST /api/v1/auth/login,0.000000,0.000000,0,0,0,0,0,0,0,0,0,0,0,20,0,1000,1085.1777546011363,736.4814120010124,1529.259135000757,360.0
1778448923,20,POST,POST /api/v1/surveys,3.400000,0.000000,28,30,32,33,40,41,79,79,79,79,79,89,0,31,80.91651741586942,13.811923996399855,2654.601320002257,254.61797752808988
1778448923,20,,Aggregated,10.200000,0.000000,19,23,26,30,38,40,53,79,79,79,79,287,0,25,124.84862133810138,7.076855999912368,2654.601320002257,121.03135888501743
1778448924,20,GET,GET /api/v1/analytics/health-board,1.100000,0.000000,24,27,35,38,53,53,53,53,53,53,53,41,0,21,59.86542729247381,8.061178999923868,1436.493793000409,75.0
1778448924,20,GET,GET /api/v1/analytics/summary,0.800000,0.000000,21,22,25,27,30,30,30,30,30,30,30,26,0,22,82.83783307734456,9.857389002718264,1410.9123710004496,75.0
1778448924,20,GET,GET /api/v1/questionnaires/active,4.500000,0.000000,13,17,17,19,24,26,38,38,38,38,38,120,0,16,20.54145763334721,7.076855999912368,130.7612960008555,0.0
1778448924,20,POST,POST /api/v1/auth/login,0.000000,0.000000,0,0,0,0,0,0,0,0,0,0,0,20,0,1000,1085.1777546011363,736.4814120010124,1529.259135000757,360.0
1778448924,20,POST,POST /api/v1/surveys,3.600000,0.000000,28,31,33,38,40,79,82,82,82,82,82,93,0,31,79.09759994635674,13.811923996399855,2654.601320002257,254.61290322580646
1778448924,20,,Aggregated,10.000000,0.000000,19,24,27,30,38,40,79,82,82,82,82,300,0,24,120.44290994012651,7.076855999912368,2654.601320002257,119.68
1778448925,20,GET,GET /api/v1/analytics/health-board,0.900000,0.000000,24,27,35,38,53,53,53,53,53,53,53,42,0,21,58.965621071235674,8.061178999923868,1436.493793000409,75.0
1778448925,20,GET,GET /api/v1/analytics/summary,0.800000,0.000000,20,21,22,25,30,30,30,30,30,30,30,27,0,22,80.25065425964486,9.857389002718264,1410.9123710004496,75.0
1778448925,20,GET,GET /api/v1/questionnaires/active,4.300000,0.000000,14,17,18,19,25,26,38,38,38,38,38,124,0,17,20.45888413710101,7.076855999912368,130.7612960008555,0.0
1778448925,20,POST,POST /api/v1/auth/login,0.000000,0.000000,0,0,0,0,0,0,0,0,0,0,0,20,0,1000,1085.1777546011363,736.4814120010124,1529.259135000757,360.0
1778448925,20,POST,POST /api/v1/surveys,3.300000,0.000000,30,32,38,39,40,79,82,82,82,82,82,95,0,31,78.22953967379841,13.811923996399855,2654.601320002257,254.62105263157895
1778448925,20,,Aggregated,9.300000,0.000000,19,25,27,30,38,40,79,82,82,82,82,308,0,24,117.90774916894938,7.076855999912368,2654.601320002257,118.71428571428571
1778448926,20,GET,GET /api/v1/analytics/health-board,0.900000,0.000000,22,24,35,35,38,53,53,53,53,53,53,45,0,21,56.1014793109886,8.061178999923868,1436.493793000409,75.0
1778448926,20,GET,GET /api/v1/analytics/summary,1.000000,0.000000,21,22,25,25,30,30,30,30,30,30,30,28,0,22,78.2659952146787,9.857389002718264,1410.9123710004496,75.0
1778448926,20,GET,GET /api/v1/questionnaires/active,4.700000,0.000000,14,17,19,19,25,26,38,38,38,38,38,129,0,17,20.280369031005005,7.076855999912368,130.7612960008555,0.0
1778448926,20,POST,POST /api/v1/auth/login,0.000000,0.000000,0,0,0,0,0,0,0,0,0,0,0,20,0,1000,1085.1777546011363,736.4814120010124,1529.259135000757,360.0
1778448926,20,POST,POST /api/v1/surveys,3.200000,0.000000,30,32,39,40,41,79,82,82,82,82,82,97,0,31,76.9604684227835,13.811923996399855,2654.601320002257,254.62886597938143
1778448926,20,,Aggregated,9.800000,0.000000,19,24,26,30,38,40,79,82,82,82,82,319,0,23,114.42289206594941,7.076855999912368,2654.601320002257,117.15987460815047
1778448927,20,GET,GET /api/v1/analytics/health-board,0.900000,0.000000,21,24,27,35,38,53,53,53,53,53,53,47,0,19,54.186057318958696,8.061178999923868,1436.493793000409,75.0
1778448927,20,GET,GET /api/v1/analytics/summary,0.900000,0.000000,20,21,25,25,25,30,30,30,30,30,30,30,0,21,74.03983640021276,9.857389002718264,1410.9123710004496,75.0
1778448927,20,GET,GET /api/v1/questionnaires/active,5.000000,0.000000,16,17,19,19,25,26,38,38,38,38,38,131,0,16,20.207111229011453,7.076855999912368,130.7612960008555,0.0
1778448927,20,POST,POST /api/v1/auth/login,0.000000,0.000000,0,0,0,0,0,0,0,0,0,0,0,20,0,1000,1085.1777546011363,736.4814120010124,1529.259135000757,360.0
1778448927,20,POST,POST /api/v1/surveys,3.200000,0.000000,29,32,39,40,41,79,82,82,82,82,82,100,0,30,75.34508772008849,13.811923996399855,2654.601320002257,254.64
1778448927,20,,Aggregated,10.000000,0.000000,19,22,26,28,38,40,79,82,82,82,82,328,0,22,111.74736347874853,7.076855999912368,2654.601320002257,117.1920731707317
1778448928,20,GET,GET /api/v1/analytics/health-board,0.900000,0.000000,21,24,30,31,38,53,53,53,53,53,53,49,0,21,53.21879040802371,8.061178999923868,1436.493793000409,75.0
1778448928,20,GET,GET /api/v1/analytics/summary,1.000000,0.000000,20,21,22,25,29,30,30,30,30,30,30,32,0,21,70.94584690639749,9.857389002718264,1410.9123710004496,75.0
1778448928,20,GET,GET /api/v1/questionnaires/active,4.900000,0.000000,16,18,19,22,26,29,38,38,38,38,38,137,0,16,20.015457824833206,7.076855999912368,130.7612960008555,0.0
1778448928,20,POST,POST /api/v1/auth/login,0.000000,0.000000,0,0,0,0,0,0,0,0,0,0,0,20,0,1000,1085.1777546011363,736.4814120010124,1529.259135000757,360.0
1778448928,20,POST,POST /api/v1/surveys,3.100000,0.000000,31,38,40,40,79,82,87,87,87,87,87,101,0,30,75.45670884165602,13.811923996399855,2654.601320002257,254.64356435643563
1778448928,20,,Aggregated,9.900000,0.000000,19,25,28,30,38,41,82,87,87,87,87,339,0,22,108.98167621837763,7.076855999912368,2654.601320002257,115.02654867256638
1778448929,20,GET,GET /api/v1/analytics/health-board,1.200000,0.000000,22,27,31,38,53,55,55,55,55,55,55,50,0,21,53.26176955990377,8.061178999923868,1436.493793000409,75.0
1778448929,20,GET,GET /api/v1/analytics/summary,1.000000,0.000000,20,21,25,25,29,30,30,30,30,30,30,33,0,21,69.2571544546588,9.857389002718264,1410.9123710004496,75.0
1778448929,20,GET,GET /api/v1/questionnaires/active,4.900000,0.000000,16,19,22,22,26,29,38,38,38,38,38,143,0,16,19.858954853163112,7.076855999912368,130.7612960008555,0.0
1778448929,20,POST,POST /api/v1/auth/login,0.000000,0.000000,0,0,0,0,0,0,0,0,0,0,0,20,0,1000,1085.1777546011363,736.4814120010124,1529.259135000757,360.0
1778448929,20,POST,POST /api/v1/surveys,2.800000,0.000000,29,35,40,40,79,82,87,87,87,87,87,104,0,30,73.96857967313946,13.811923996399855,2654.601320002257,254.64423076923077
1778448929,20,,Aggregated,9.900000,0.000000,19,25,28,30,38,41,79,82,87,87,87,350,0,22,106.24197856294424,7.076855999912368,2654.601320002257,114.02285714285715
1778448930,20,GET,GET /api/v1/analytics/health-board,1.300000,0.000000,23,30,31,32,53,55,55,55,55,55,55,52,0,21,52.2667265576484,8.061178999923868,1436.493793000409,75.0
1778448930,20,GET,GET /api/v1/analytics/summary,1.100000,0.000000,21,22,25,29,30,34,34,34,34,34,34,35,0,22,66.88560665726462,9.857389002718264,1410.9123710004496,75.0
1778448930,20,GET,GET /api/v1/questionnaires/active,4.700000,0.000000,17,19,22,24,27,29,38,38,38,38,38,148,0,16,19.812980750036846,7.076855999912368,130.7612960008555,0.0
1778448930,20,POST,POST /api/v1/auth/login,0.000000,0.000000,0,0,0,0,0,0,0,0,0,0,0,20,0,1000,1085.1777546011363,736.4814120010124,1529.259135000757,360.0
1778448930,20,POST,POST /api/v1/surveys,2.700000,0.000000,29,35,40,40,79,82,87,87,87,87,87,107,0,30,72.9717795701592,13.811923996399855,2654.601320002257,254.65420560747663
1778448930,20,,Aggregated,9.800000,0.000000,21,26,28,30,39,53,79,82,87,87,87,362,0,22,103.59868141170494,7.076855999912368,2654.601320002257,113.18508287292818
1778448931,20,GET,GET /api/v1/analytics/health-board,1.500000,0.000000,23,27,31,31,53,55,55,55,55,55,55,52,0,21,52.2667265576484,8.061178999923868,1436.493793000409,75.0
1778448931,20,GET,GET /api/v1/analytics/summary,1.300000,0.000000,19,21,22,25,29,34,34,34,34,34,34,36,0,21,65.40495408343203,9.857389002718264,1410.9123710004496,75.0
1778448931,20,GET,GET /api/v1/questionnaires/active,4.500000,0.000000,17,22,24,26,29,29,38,38,38,38,38,151,0,16,19.9062882383928,7.076855999912368,130.7612960008555,0.0
1778448931,20,POST,POST /api/v1/auth/login,0.000000,0.000000,0,0,0,0,0,0,0,0,0,0,0,20,0,1000,1085.1777546011363,736.4814120010124,1529.259135000757,360.0
1778448931,20,POST,POST /api/v1/surveys,2.500000,0.000000,29,35,40,41,59,82,87,87,87,87,87,109,0,30,72.3972157798809,13.811923996399855,2654.601320002257,254.651376146789
1778448931,20,,Aggregated,9.800000,0.000000,21,26,29,30,39,55,82,87,87,87,87,368,0,22,102.37268821746828,7.076855999912368,2654.601320002257,112.92663043478261
1778448932,20,GET,GET /api/v1/analytics/health-board,1.500000,0.000000,22,27,30,31,53,55,55,55,55,55,55,53,0,22,51.693922754737905,8.061178999923868,1436.493793000409,75.0
1778448932,20,GET,GET /api/v1/analytics/summary,1.200000,0.000000,21,22,25,29,30,34,34,34,34,34,34,39,0,22,62.30334684639671,9.857389002718264,1410.9123710004496,75.0
1778448932,20,GET,GET /api/v1/questionnaires/active,4.700000,0.000000,17,19,22,25,28,29,31,31,31,31,31,158,0,17,19.87725873419273,7.076855999912368,130.7612960008555,0.0
1778448932,20,POST,POST /api/v1/auth/login,0.000000,0.000000,0,0,0,0,0,0,0,0,0,0,0,20,0,1000,1085.1777546011363,736.4814120010124,1529.259135000757,360.0
1778448932,20,POST,POST /api/v1/surveys,2.700000,0.000000,31,37,39,40,59,82,87,87,87,87,87,111,0,30,71.7765431622251,13.811923996399855,2654.601320002257,254.64864864864865
1778448932,20,,Aggregated,10.100000,0.000000,21,25,28,29,37,53,59,82,87,87,87,381,0,22,99.68757663003345,7.076855999912368,2654.601320002257,111.19685039370079
1778448933,20,GET,GET /api/v1/analytics/health-board,1.600000,0.000000,22,23,30,31,32,55,55,55,55,55,55,54,0,21,51.118599518506215,8.061178999923868,1436.493793000409,75.0
1778448933,20,GET,GET /api/v1/analytics/summary,1.200000,0.000000,21,22,25,29,30,34,34,34,34,34,34,39,0,22,62.30334684639671,9.857389002718264,1410.9123710004496,75.0
1778448933,20,GET,GET /api/v1/questionnaires/active,4.600000,0.000000,17,19,23,25,28,29,53,53,53,53,53,160,0,17,20.12193111875149,7.076855999912368,130.7612960008555,0.0
1778448933,20,POST,POST /api/v1/auth/login,0.000000,0.000000,0,0,0,0,0,0,0,0,0,0,0,20,0,1000,1085.1777546011363,736.4814120010124,1529.259135000757,360.0
1778448933,20,POST,POST /api/v1/surveys,2.700000,0.000000,29,33,39,40,59,82,87,87,87,87,87,113,0,30,71.00825856645943,13.811923996399855,2654.601320002257,254.64601769911505
1778448933,20,,Aggregated,10.100000,0.000000,21,25,28,29,35,55,82,87,87,87,87,386,0,23,98.80111966332043,7.076855999912368,2654.601320002257,111.26943005181347
1778448934,20,GET,GET /api/v1/analytics/health-board,1.600000,0.000000,22,23,30,31,32,55,55,55,55,55,55,54,0,21,51.118599518506215,8.061178999923868,1436.493793000409,75.0
1778448934,20,GET,GET /api/v1/analytics/summary,1.300000,0.000000,23,29,34,34,57,72,72,72,72,72,72,42,0,22,62.06657185733396,9.857389002718264,1410.9123710004496,75.0
1778448934,20,GET,GET /api/v1/questionnaires/active,4.600000,0.000000,18,23,26,27,32,48,55,55,55,55,55,167,0,17,20.64394859283306,7.076855999912368,130.7612960008555,0.0
1778448934,20,POST,POST /api/v1/auth/login,0.000000,0.000000,0,0,0,0,0,0,0,0,0,0,0,20,0,1000,1085.1777546011363,736.4814120010124,1529.259135000757,360.0
1778448934,20,POST,POST /api/v1/surveys,2.500000,0.000000,33,39,50,56,75,87,88,88,88,88,88,117,0,31,70.80244900010483,13.811923996399855,2654.601320002257,254.65811965811966
1778448934,20,,Aggregated,10.000000,0.000000,22,28,31,33,53,59,87,88,88,88,88,400,0,23,97.00545358011368,7.076855999912368,2654.601320002257,110.4875
1778448935,20,GET,GET /api/v1/analytics/health-board,1.700000,0.000000,23,30,31,32,53,55,55,55,55,55,55,56,0,22,50.673116875064544,8.061178999923868,1436.493793000409,75.0
1778448935,20,GET,GET /api/v1/analytics/summary,1.500000,0.000000,25,30,34,34,57,72,72,72,72,72,72,43,0,23,61.35484067466635,9.857389002718264,1410.9123710004496,75.0
1778448935,20,GET,GET /api/v1/questionnaires/active,4.900000,0.000000,18,23,26,29,32,48,55,55,55,55,55,169,0,17,20.676109526633937,7.076855999912368,130.7612960008555,0.0
1778448935,20,POST,POST /api/v1/auth/login,0.000000,0.000000,0,0,0,0,0,0,0,0,0,0,0,20,0,1000,1085.1777546011363,736.4814120010124,1529.259135000757,360.0
1778448935,20,POST,POST /api/v1/surveys,2.700000,0.000000,33,47,50,56,75,87,88,88,88,88,88,121,0,31,69.94131670259122,13.811923996399855,2654.601320002257,254.6694214876033
1778448935,20,,Aggregated,10.800000,0.000000,23,29,31,34,53,58,75,87,88,88,88,409,0,24,95.68867877029747,7.076855999912368,2654.601320002257,111.1002444987775
1778448936,20,GET,GET /api/v1/analytics/health-board,1.500000,0.000000,24,31,32,32,53,55,55,55,55,55,55,56,0,22,50.673116875064544,8.061178999923868,1436.493793000409,75.0
1778448936,20,GET,GET /api/v1/analytics/summary,1.300000,0.000000,30,32,34,36,57,72,72,72,72,72,72,46,0,24,59.528510413261046,9.857389002718264,1410.9123710004496,75.0
1778448936,20,GET,GET /api/v1/questionnaires/active,4.900000,0.000000,19,25,27,29,32,48,55,55,55,55,55,171,0,17,20.69349442693328,7.076855999912368,130.7612960008555,0.0
1778448936,20,POST,POST /api/v1/auth/login,0.000000,0.000000,0,0,0,0,0,0,0,0,0,0,0,20,0,1000,1085.1777546011363,736.4814120010124,1529.259135000757,360.0
1778448936,20,POST,POST /api/v1/surveys,2.400000,0.000000,33,47,50,58,75,87,88,88,88,88,88,122,0,31,69.60182087715991,13.811923996399855,2654.601320002257,254.672131147541
1778448936,20,,Aggregated,10.100000,0.000000,25,30,33,37,55,59,87,88,88,88,88,415,0,24,94.72185737362759,7.076855999912368,2654.601320002257,110.65060240963855
1778448937,20,GET,GET /api/v1/analytics/health-board,1.300000,0.000000,30,32,53,53,55,89,89,89,89,89,89,58,0,22,50.91485718969187,8.061178999923868,1436.493793000409,75.0
1778448937,20,GET,GET /api/v1/analytics/summary,1.600000,0.000000,32,34,36,37,57,72,72,72,72,72,72,48,0,25,58.5397758960274,9.857389002718264,1410.9123710004496,75.0
1778448937,20,GET,GET /api/v1/questionnaires/active,4.700000,0.000000,20,25,28,29,32,48,55,55,55,55,55,174,0,17,20.723845252899174,7.076855999912368,130.7612960008555,0.0
1778448937,20,POST,POST /api/v1/auth/login,0.000000,0.000000,0,0,0,0,0,0,0,0,0,0,0,20,0,1000,1085.1777546011363,736.4814120010124,1529.259135000757,360.0
1778448937,20,POST,POST /api/v1/surveys,2.400000,0.000000,41,56,58,75,87,88,110,110,110,110,110,125,0,31,69.85562650411157,13.811923996399855,2654.601320002257,254.68
1778448937,20,,Aggregated,10.000000,0.000000,28,32,37,48,57,77,89,110,110,110,110,425,0,24,93.6574786801237,7.076855999912368,2654.601320002257,110.55294117647058
1778448938,20,GET,GET /api/v1/analytics/health-board,1.400000,0.000000,32,42,53,55,89,89,89,89,89,89,89,59,0,22,50.76531279664161,8.061178999923868,1436.493793000409,75.0
1778448938,20,GET,GET /api/v1/analytics/summary,1.600000,0.000000,33,35,37,37,57,72,72,72,72,72,72,48,0,25,58.5397758960274,9.857389002718264,1410.9123710004496,75.0
1778448938,20,GET,GET /api/v1/questionnaires/active,4.500000,0.000000,21,27,29,29,35,48,55,55,55,55,55,180,0,17,20.995952372282368,7.076855999912368,130.7612960008555,0.0
1778448938,20,POST,POST /api/v1/auth/login,0.000000,0.000000,0,0,0,0,0,0,0,0,0,0,0,20,0,1000,1085.1777546011363,736.4814120010124,1529.259135000757,360.0
1778448938,20,POST,POST /api/v1/surveys,2.600000,0.000000,47,56,61,66,88,95,110,110,110,110,110,129,0,31,69.73596369005449,13.811923996399855,2654.601320002257,254.68992248062017
1778448938,20,,Aggregated,10.100000,0.000000,29,35,43,49,59,77,95,110,110,110,110,436,0,25,92.39410214004988,7.076855999912368,2654.601320002257,110.27522935779817
1778448939,20,GET,GET /api/v1/analytics/health-board,1.100000,0.000000,24,32,42,42,53,89,89,89,89,89,89,61,0,22,49.501683114806944,8.061178999923868,1436.493793000409,75.0
1778448939,20,GET,GET /api/v1/analytics/summary,1.800000,0.000000,32,34,36,37,57,72,72,72,72,72,72,51,0,24,56.01789368644377,9.857389002718264,1410.9123710004496,75.0
1778448939,20,GET,GET /api/v1/questionnaires/active,4.200000,0.000000,22,27,29,29,35,48,55,55,55,55,55,184,0,17,20.969241934835736,7.076855999912368,130.7612960008555,0.0
1778448939,20,POST,POST /api/v1/auth/login,0.000000,0.000000,0,0,0,0,0,0,0,0,0,0,0,20,0,1000,1085.1777546011363,736.4814120010124,1529.259135000757,360.0
1778448939,20,POST,POST /api/v1/surveys,2.500000,0.000000,47,56,61,66,88,95,110,110,110,110,110,131,0,31,69.13997222149997,13.811923996399855,2654.601320002257,254.68702290076337
1778448939,20,,Aggregated,9.600000,0.000000,29,35,42,48,59,77,95,110,110,110,110,447,0,24,90.59451278984531,7.076855999912368,2654.601320002257,109.53914988814317
1778448940,20,GET,GET /api/v1/analytics/health-board,1.100000,0.000000,24,32,41,42,53,89,89,89,89,89,89,63,0,22,48.72822547628265,8.061178999923868,1436.493793000409,75.0
1778448940,20,GET,GET /api/v1/analytics/summary,1.800000,0.000000,31,35,36,37,57,72,72,72,72,72,72,52,0,23,55.10656909630667,8.629014999314677,1410.9123710004496,75.0
1778448940,20,GET,GET /api/v1/questionnaires/active,4.200000,0.000000,23,28,29,32,44,48,55,55,55,55,55,189,0,17,21.03552096298906,7.076855999912368,130.7612960008555,0.0
1778448940,20,POST,POST /api/v1/auth/login,0.000000,0.000000,0,0,0,0,0,0,0,0,0,0,0,20,0,1000,1085.1777546011363,736.4814120010124,1529.259135000757,360.0
1778448940,20,POST,POST /api/v1/surveys,2.500000,0.000000,49,58,61,66,88,95,110,110,110,110,110,133,0,31,68.6344502708079,13.811923996399855,2654.601320002257,254.68421052631578
1778448940,20,,Aggregated,9.600000,0.000000,29,36,44,49,59,77,95,110,110,110,110,457,0,24,89.15332656030385,7.076855999912368,2654.601320002257,108.74835886214441
1778448941,20,GET,GET /api/v1/analytics/health-board,1.000000,0.000000,24,26,42,42,53,89,89,89,89,89,89,64,0,22,48.21985850009014,8.061178999923868,1436.493793000409,75.0
1778448941,20,GET,GET /api/v1/analytics/summary,1.600000,0.000000,31,35,36,37,57,72,72,72,72,72,72,53,0,23,54.37019750958293,8.629014999314677,1410.9123710004496,75.0
1778448941,20,GET,GET /api/v1/questionnaires/active,4.300000,0.000000,23,27,31,32,45,53,55,55,55,55,55,191,0,17,21.103704623073913,7.076855999912368,130.7612960008555,0.0
1778448941,20,POST,POST /api/v1/auth/login,0.000000,0.000000,0,0,0,0,0,0,0,0,0,0,0,20,0,1000,1085.1777546011363,736.4814120010124,1529.259135000757,360.0
1778448941,20,POST,POST /api/v1/surveys,2.800000,0.000000,47,56,66,74,88,95,110,110,110,110,110,136,0,31,68.07845775010185,13.811923996399855,2654.601320002257,254.6691176470588
1778448941,20,,Aggregated,9.700000,0.000000,29,36,44,48,61,77,95,110,110,110,110,464,0,24,88.27742314883051,7.076855999912368,2654.601320002257,109.07327586206897
1778448942,20,GET,GET /api/v1/analytics/health-board,1.100000,0.000000,24,41,42,42,53,89,89,89,89,89,89,64,0,22,48.21985850009014,8.061178999923868,1436.493793000409,75.0
1778448942,20,GET,GET /api/v1/analytics/summary,1.800000,0.000000,31,33,36,37,57,72,72,72,72,72,72,57,0,22,51.73448308784843,8.629014999314677,1410.9123710004496,75.0
1778448942,20,GET,GET /api/v1/questionnaires/active,4.100000,0.000000,21,29,31,32,44,48,55,55,55,55,55,195,0,17,21.022827410305556,7.076855999912368,130.7612960008555,0.0
1778448942,20,POST,POST /api/v1/auth/login,0.000000,0.000000,0,0,0,0,0,0,0,0,0,0,0,20,0,1000,1085.1777546011363,736.4814120010124,1529.259135000757,360.0
1778448942,20,POST,POST /api/v1/surveys,2.700000,0.000000,49,58,66,74,88,95,110,110,110,110,110,139,0,31,67.18359102887916,13.811923996399855,2654.601320002257,254.66906474820144
1778448942,20,,Aggregated,9.700000,0.000000,29,36,45,49,66,77,95,110,110,110,110,475,0,24,86.68728856854662,7.076855999912368,2654.601320002257,108.78736842105263
1778448944,20,GET,GET /api/v1/analytics/health-board,1.100000,0.000000,24,41,42,42,53,89,89,89,89,89,89,65,0,22,47.75858753855573,8.061178999923868,1436.493793000409,75.0
1778448944,20,GET,GET /api/v1/analytics/summary,1.700000,0.000000,21,32,35,35,37,41,41,41,41,41,41,58,0,22,51.54406462083741,8.629014999314677,1410.9123710004496,75.0
1778448944,20,GET,GET /api/v1/questionnaires/active,4.100000,0.000000,20,26,29,29,32,44,45,45,45,45,45,199,0,17,21.00210961310694,7.076855999912368,130.7612960008555,0.0
1778448944,20,POST,POST /api/v1/auth/login,0.000000,0.000000,0,0,0,0,0,0,0,0,0,0,0,20,0,1000,1085.1777546011363,736.4814120010124,1529.259135000757,360.0
1778448944,20,POST,POST /api/v1/surveys,2.600000,0.000000,43,49,58,61,77,95,110,110,110,110,110,143,0,31,66.2089759092202,13.811923996399855,2654.601320002257,254.67132867132867
1778448944,20,,Aggregated,9.500000,0.000000,25,32,37,43,56,74,95,110,110,110,110,485,0,24,85.45303587229729,7.076855999912368,2654.601320002257,108.95463917525773
1778448945,20,GET,GET /api/v1/analytics/health-board,1.200000,0.000000,26,36,41,42,53,89,89,89,89,89,89,67,0,22,47.28469256723887,8.061178999923868,1436.493793000409,75.0
1778448945,20,GET,GET /api/v1/analytics/summary,1.700000,0.000000,21,33,36,36,41,43,43,43,43,43,43,59,0,22,51.391999457799535,8.629014999314677,1410.9123710004496,75.0
1778448945,20,GET,GET /api/v1/questionnaires/active,4.000000,0.000000,21,26,27,29,32,44,45,45,45,45,45,201,0,17,21.06404780104061,7.076855999912368,130.7612960008555,0.0
1778448945,20,POST,POST /api/v1/auth/login,0.000000,0.000000,0,0,0,0,0,0,0,0,0,0,0,20,0,1000,1085.1777546011363,736.4814120010124,1529.259135000757,360.0
1778448945,20,POST,POST /api/v1/surveys,2.700000,0.000000,43,56,66,74,95,98,110,110,110,110,110,145,0,31,66.36008668978445,13.811923996399855,2654.601320002257,254.6689655172414
1778448945,20,,Aggregated,9.600000,0.000000,26,32,37,43,57,77,98,110,110,110,110,492,0,24,84.87773097574352,7.076855999912368,2654.601320002257,108.89634146341463
1778448946,20,GET,GET /api/v1/analytics/health-board,1.100000,0.000000,26,36,41,41,42,89,89,89,89,89,89,67,0,22,47.28469256723887,8.061178999923868,1436.493793000409,75.0
1778448946,20,GET,GET /api/v1/analytics/summary,1.800000,0.000000,21,35,37,37,41,43,43,43,43,43,43,62,0,22,50.453243048562605,8.629014999314677,1410.9123710004496,75.0
1778448946,20,GET,GET /api/v1/questionnaires/active,3.700000,0.000000,20,26,27,29,35,45,76,76,76,76,76,205,0,17,21.25945755125452,7.076855999912368,130.7612960008555,0.0
1778448946,20,POST,POST /api/v1/auth/login,0.000000,0.000000,0,0,0,0,0,0,0,0,0,0,0,20,0,1000,1085.1777546011363,736.4814120010124,1529.259135000757,360.0
1778448946,20,POST,POST /api/v1/surveys,2.700000,0.000000,44,61,74,77,98,110,110,110,110,110,110,151,0,32,66.3201787551138,13.811923996399855,2654.601320002257,254.66225165562915
1778448946,20,,Aggregated,9.300000,0.000000,26,35,42,44,76,95,110,110,110,110,110,505,0,24,83.90547792686726,7.076855999912368,2654.601320002257,109.56237623762377
1778448947,20,GET,GET /api/v1/analytics/health-board,1.100000,0.000000,18,28,36,41,42,42,42,42,42,42,42,68,0,22,46.8435666323999,8.061178999923868,1436.493793000409,75.0
1778448947,20,GET,GET /api/v1/analytics/summary,1.900000,0.000000,20,21,37,37,41,43,43,43,43,43,43,64,0,22,49.42922782834103,8.629014999314677,1410.9123710004496,75.0
1778448947,20,GET,GET /api/v1/questionnaires/active,3.700000,0.000000,20,26,27,29,35,45,76,76,76,76,76,208,0,17,21.197950201947325,7.076855999912368,130.7612960008555,0.0
1778448947,20,POST,POST /api/v1/auth/login,0.000000,0.000000,0,0,0,0,0,0,0,0,0,0,0,20,0,1000,1085.1777546011363,736.4814120010124,1529.259135000757,360.0
1778448947,20,POST,POST /api/v1/surveys,3.000000,0.000000,37,45,61,74,95,98,110,110,110,110,110,155,0,31,65.30668465176507,13.811923996399855,2654.601320002257,254.67096774193547
1778448947,20,,Aggregated,9.700000,0.000000,24,32,37,43,61,76,98,110,110,110,110,515,0,24,82.68756886809393,7.076855999912368,2654.601320002257,109.85242718446602
1778448948,20,GET,GET /api/v1/analytics/health-board,1.300000,0.000000,17,18,28,36,41,41,41,41,41,41,41,69,0,22,46.276068565245055,7.686199998715892,1436.493793000409,75.0
1778448948,20,GET,GET /api/v1/analytics/summary,1.700000,0.000000,20,21,37,37,41,43,43,43,43,43,43,64,0,22,49.42922782834103,8.629014999314677,1410.9123710004496,75.0
1778448948,20,GET,GET /api/v1/questionnaires/active,3.400000,0.000000,19,20,26,27,32,76,78,78,78,78,78,214,0,17,21.25379479910526,7.076855999912368,130.7612960008555,0.0
1778448948,20,POST,POST /api/v1/auth/login,0.000000,0.000000,0,0,0,0,0,0,0,0,0,0,0,20,0,1000,1085.1777546011363,736.4814120010124,1529.259135000757,360.0
1778448948,20,POST,POST /api/v1/surveys,2.800000,0.000000,33,37,45,57,95,98,110,110,110,110,110,159,0,31,64.20019011962928,13.811923996399855,2654.601320002257,254.66037735849056
1778448948,20,,Aggregated,9.200000,0.000000,21,27,33,37,49,76,98,110,110,110,110,526,0,24,81.39965155906472,7.076855999912368,2654.601320002257,109.63117870722434
1778448949,20,GET,GET /api/v1/analytics/health-board,1.100000,0.000000,18,28,36,36,41,41,41,41,41,41,41,69,0,22,46.276068565245055,7.686199998715892,1436.493793000409,75.0
1778448949,20,GET,GET /api/v1/analytics/summary,1.900000,0.000000,20,21,37,39,41,43,43,43,43,43,43,66,0,22,48.435935621400304,8.629014999314677,1410.9123710004496,75.0
1778448949,20,GET,GET /api/v1/questionnaires/active,3.600000,0.000000,18,20,27,27,63,76,78,78,78,78,78,220,0,17,21.563206418183903,7.076855999912368,130.7612960008555,0.0
1778448949,20,POST,POST /api/v1/auth/login,0.000000,0.000000,0,0,0,0,0,0,0,0,0,0,0,20,0,1000,1085.1777546011363,736.4814120010124,1529.259135000757,360.0
1778448949,20,POST,POST /api/v1/surveys,3.000000,0.000000,33,43,49,57,85,98,110,110,110,110,110,163,0,31,63.68089412895932,13.811923996399855,2654.601320002257,254.6564417177914
1778448949,20,,Aggregated,9.600000,0.000000,21,29,36,41,63,78,98,110,110,110,110,538,0,24,80.32949206144588,7.076855999912368,2654.601320002257,109.35687732342008
1778448950,20,GET,GET /api/v1/analytics/health-board,1.200000,0.000000,18,28,36,36,39,39,39,39,39,39,39,70,0,22,46.1790626857172,7.686199998715892,1436.493793000409,75.0
1778448950,20,GET,GET /api/v1/analytics/summary,1.800000,0.000000,20,21,37,39,41,43,43,43,43,43,43,67,0,22,48.144011656893156,8.629014999314677,1410.9123710004496,75.0
1778448950,20,GET,GET /api/v1/questionnaires/active,3.700000,0.000000,18,20,26,27,63,76,78,78,78,78,78,220,0,17,21.563206418183903,7.076855999912368,130.7612960008555,0.0
1778448950,20,POST,POST /api/v1/auth/login,0.000000,0.000000,0,0,0,0,0,0,0,0,0,0,0,20,0,1000,1085.1777546011363,736.4814120010124,1529.259135000757,360.0
1778448950,20,POST,POST /api/v1/surveys,3.300000,0.000000,31,38,45,57,85,98,110,110,110,110,110,168,0,31,62.58614673225522,13.811923996399855,2654.601320002257,254.6547619047619
1778448950,20,,Aggregated,10.000000,0.000000,23,29,36,39,74,78,98,110,110,110,110,545,0,24,79.6699382092736,7.076855999912368,2654.601320002257,110.56330275229358
1778448951,20,GET,GET /api/v1/analytics/health-board,1.100000,0.000000,17,18,28,36,39,39,39,39,39,39,39,72,0,21,45.146159986112856,7.686199998715892,1436.493793000409,75.0
1778448951,20,GET,GET /api/v1/analytics/summary,1.600000,0.000000,21,25,37,37,41,43,43,43,43,43,43,69,0,22,47.25274386979383,8.629014999314677,1410.9123710004496,75.0
1778448951,20,GET,GET /api/v1/questionnaires/active,4.000000,0.000000,18,19,20,23,63,76,78,78,78,78,78,227,0,17,21.30682424667852,7.076855999912368,130.7612960008555,0.0
1778448951,20,POST,POST /api/v1/auth/login,0.000000,0.000000,0,0,0,0,0,0,0,0,0,0,0,20,0,1000,1085.1777546011363,736.4814120010124,1529.259135000757,360.0
1778448951,20,POST,POST /api/v1/surveys,3.400000,0.000000,27,35,44,45,85,98,110,110,110,110,110,170,0,31,62.10158189421824,13.811923996399855,2654.601320002257,254.64705882352942
1778448951,20,,Aggregated,10.100000,0.000000,21,27,33,38,57,78,98,110,110,110,110,558,0,23,78.15131893199238,7.076855999912368,2654.601320002257,109.43548387096774
1778448952,20,GET,GET /api/v1/analytics/health-board,1.000000,0.000000,18,28,36,36,39,39,39,39,39,39,39,72,0,21,45.146159986112856,7.686199998715892,1436.493793000409,75.0
1778448952,20,GET,GET /api/v1/analytics/summary,1.800000,0.000000,23,29,37,39,41,43,43,43,43,43,43,70,0,22,46.905610057365266,8.629014999314677,1410.9123710004496,75.0
1778448952,20,GET,GET /api/v1/questionnaires/active,4.000000,0.000000,18,18,22,23,63,76,78,78,78,78,78,231,0,17,21.26761709091211,7.076855999912368,130.7612960008555,0.0
1778448952,20,POST,POST /api/v1/auth/login,0.000000,0.000000,0,0,0,0,0,0,0,0,0,0,0,20,0,1000,1085.1777546011363,736.4814120010124,1529.259135000757,360.0
1778448952,20,POST,POST /api/v1/surveys,3.400000,0.000000,29,35,44,45,85,98,110,110,110,110,110,174,0,31,61.3640596323097,13.811923996399855,2654.601320002257,254.6494252873563
1778448952,20,,Aggregated,10.200000,0.000000,22,27,34,38,57,78,98,110,110,110,110,567,0,23,77.29742017471077,7.076855999912368,2654.601320002257,109.62786596119929
1778448953,20,GET,GET /api/v1/analytics/health-board,0.900000,0.000000,17,28,36,36,39,39,39,39,39,39,39,73,0,21,44.70248482190471,7.686199998715892,1436.493793000409,75.0
1778448953,20,GET,GET /api/v1/analytics/summary,1.600000,0.000000,21,25,29,37,39,43,43,43,43,43,43,71,0,22,46.477396296018334,8.629014999314677,1410.9123710004496,75.0
1778448953,20,GET,GET /api/v1/questionnaires/active,3.600000,0.000000,17,18,20,23,63,76,78,78,78,78,78,232,0,17,21.234542073279012,7.076855999912368,130.7612960008555,0.0
1778448953,20,POST,POST /api/v1/auth/login,0.000000,0.000000,0,0,0,0,0,0,0,0,0,0,0,20,0,1000,1085.1777546011363,736.4814120010124,1529.259135000757,360.0
1778448953,20,POST,POST /api/v1/surveys,3.700000,0.000000,27,33,38,45,85,98,110,110,110,110,110,177,0,31,60.69264175153866,13.811923996399855,2654.601320002257,254.6497175141243
1778448953,20,,Aggregated,9.800000,0.000000,22,27,33,36,63,78,98,110,110,110,110,573,0,23,76.67668930551858,7.076855999912368,2654.601320002257,110.07504363001745
1778448954,20,GET,GET /api/v1/analytics/health-board,0.900000,0.000000,20,36,38,38,39,39,39,39,39,39,39,76,0,21,44.22231257893528,7.686199998715892,1436.493793000409,75.0
1778448954,20,GET,GET /api/v1/analytics/summary,1.700000,0.000000,23,27,29,31,37,39,39,39,39,39,39,73,0,22,46.005050041296194,8.629014999314677,1410.9123710004496,75.0
1778448954,20,GET,GET /api/v1/questionnaires/active,3.800000,0.000000,17,18,20,21,63,76,78,78,78,78,78,237,0,17,21.26273550211677,7.076855999912368,130.7612960008555,0.0
1778448954,20,POST,POST /api/v1/auth/login,0.000000,0.000000,0,0,0,0,0,0,0,0,0,0,0,20,0,1000,1085.1777546011363,736.4814120010124,1529.259135000757,360.0
1778448954,20,POST,POST /api/v1/surveys,3.700000,0.000000,28,33,38,41,76,95,110,110,110,110,110,181,0,31,60.16728984542868,13.811923996399855,2654.601320002257,254.65745856353593
1778448954,20,,Aggregated,10.100000,0.000000,21,27,31,37,46,76,95,110,110,110,110,587,0,23,75.55769553161959,7.076855999912368,2654.601320002257,109.82623509369677
1778448955,20,GET,GET /api/v1/analytics/health-board,0.800000,0.000000,17,20,38,39,39,39,39,39,39,39,39,77,0,21,43.775125883115976,7.686199998715892,1436.493793000409,75.0
1778448955,20,GET,GET /api/v1/analytics/summary,1.700000,0.000000,20,23,27,27,29,31,31,31,31,31,31,74,0,22,45.57844837861037,8.629014999314677,1410.9123710004496,75.0
1778448955,20,GET,GET /api/v1/questionnaires/active,4.000000,0.000000,15,18,19,20,46,74,78,78,78,78,78,242,0,17,21.028745698346057,7.045151000056649,130.7612960008555,0.0
1778448955,20,POST,POST /api/v1/auth/login,0.000000,0.000000,0,0,0,0,0,0,0,0,0,0,0,20,0,1000,1085.1777546011363,736.4814120010124,1529.259135000757,360.0
1778448955,20,POST,POST /api/v1/surveys,3.800000,0.000000,26,29,31,33,41,50,85,85,85,85,85,183,0,31,59.66903479248025,13.811923996399855,2654.601320002257,254.65573770491804
1778448955,20,,Aggregated,10.300000,0.000000,19,24,27,29,39,50,78,85,85,85,85,596,0,23,74.58965568970378,7.045151000056649,2654.601320002257,109.27348993288591
1778448956,20,GET,GET /api/v1/analytics/health-board,1.100000,0.000000,13,20,38,39,39,39,39,39,39,39,39,77,0,21,43.775125883115976,7.686199998715892,1436.493793000409,75.0
1778448956,20,GET,GET /api/v1/analytics/summary,1.500000,0.000000,20,23,25,27,29,31,31,31,31,31,31,75,0,22,45.126480986897754,8.629014999314677,1410.9123710004496,75.0
1778448956,20,GET,GET /api/v1/questionnaires/active,3.800000,0.000000,14,17,18,20,46,74,78,78,78,78,78,248,0,17,20.76798839918352,7.045151000056649,130.7612960008555,0.0
1778448956,20,POST,POST /api/v1/auth/login,0.000000,0.000000,0,0,0,0,0,0,0,0,0,0,0,20,0,1000,1085.1777546011363,736.4814120010124,1529.259135000757,360.0
1778448956,20,POST,POST /api/v1/surveys,3.800000,0.000000,24,28,31,33,41,50,85,85,85,85,85,188,0,31,58.66085985653239,13.811923996399855,2654.601320002257,254.65425531914894
1778448956,20,,Aggregated,10.200000,0.000000,18,23,27,29,39,50,78,85,85,85,85,608,0,23,73.41682341293682,7.045151000056649,2654.601320002257,109.33388157894737
1778448957,20,GET,GET /api/v1/analytics/health-board,1.000000,0.000000,13,20,38,39,39,39,39,39,39,39,39,78,0,21,43.31276423074134,7.686199998715892,1436.493793000409,75.0
1778448957,20,GET,GET /api/v1/analytics/summary,1.500000,0.000000,20,25,27,27,29,31,31,31,31,31,31,75,0,22,45.126480986897754,8.629014999314677,1410.9123710004496,75.0
1778448957,20,GET,GET /api/v1/questionnaires/active,4.100000,0.000000,14,16,18,19,23,63,74,74,74,74,74,251,0,17,20.649808924297332,7.045151000056649,130.7612960008555,0.0
1778448957,20,POST,POST /api/v1/auth/login,0.000000,0.000000,0,0,0,0,0,0,0,0,0,0,0,20,0,1000,1085.1777546011363,736.4814120010124,1529.259135000757,360.0
1778448957,20,POST,POST /api/v1/surveys,3.800000,0.000000,27,29,33,34,41,50,85,85,85,85,85,192,0,31,58.06016834389993,13.811923996399855,2654.601320002257,254.65104166666666
1778448957,20,,Aggregated,10.400000,0.000000,19,24,27,31,39,46,74,85,85,85,85,616,0,23,72.7225505488073,7.045151000056649,2654.601320002257,109.68831168831169
1778448958,20,GET,GET /api/v1/analytics/health-board,1.000000,0.000000,20,23,38,38,39,39,39,39,39,39,39,81,0,21,42.42780024687369,7.686199998715892,1436.493793000409,75.0
1778448958,20,GET,GET /api/v1/analytics/summary,1.300000,0.000000,23,25,29,29,31,43,43,43,43,43,43,78,0,22,44.18479910283424,8.629014999314677,1410.9123710004496,75.0
1778448958,20,GET,GET /api/v1/questionnaires/active,4.200000,0.000000,14,16,18,20,23,63,74,74,74,74,74,254,0,17,20.57415911809857,7.045151000056649,130.7612960008555,0.0
1778448958,20,POST,POST /api/v1/auth/login,0.000000,0.000000,0,0,0,0,0,0,0,0,0,0,0,20,0,1000,1085.1777546011363,736.4814120010124,1529.259135000757,360.0
1778448958,20,POST,POST /api/v1/surveys,3.700000,0.000000,25,28,31,34,41,45,50,50,50,50,50,193,0,31,57.88531498978602,13.811923996399855,2654.601320002257,254.65284974093265
1778448958,20,,Aggregated,10.200000,0.000000,19,23,27,28,35,41,46,50,50,50,50,626,0,23,71.85994161512188,7.045151000056649,2654.601320002257,109.06230031948881
1778448959,20,GET,GET /api/v1/analytics/health-board,1.000000,0.000000,13,23,23,23,38,39,39,39,39,39,39,81,0,21,42.42780024687369,7.686199998715892,1436.493793000409,75.0
1778448959,20,GET,GET /api/v1/analytics/summary,1.300000,0.000000,14,23,25,27,31,43,43,43,43,43,43,80,0,21,43.371663350308154,8.629014999314677,1410.9123710004496,75.0
1778448959,20,GET,GET /api/v1/questionnaires/active,4.200000,0.000000,13,16,18,19,22,23,46,46,46,46,46,257,0,17,20.517130342397884,7.045151000056649,130.7612960008555,0.0
1778448959,20,POST,POST /api/v1/auth/login,0.000000,0.000000,0,0,0,0,0,0,0,0,0,0,0,20,0,1000,1085.1777546011363,736.4814120010124,1529.259135000757,360.0
1778448959,20,POST,POST /api/v1/surveys,3.700000,0.000000,24,28,31,33,35,41,50,50,50,50,50,196,0,30,57.234365449124994,12.351794001006056,2654.601320002257,254.64795918367346
1778448959,20,,Aggregated,10.200000,0.000000,17,22,24,27,34,39,46,50,50,50,50,634,0,22,71.13687398433581,7.045151000056649,2654.601320002257,109.12618296529969
1778448960,20,GET,GET /api/v1/analytics/health-board,1.000000,0.000000,15,20,23,23,38,39,39,39,39,39,39,83,0,21,41.81441544572309,7.686199998715892,1436.493793000409,75.0
1778448960,20,GET,GET /api/v1/analytics/summary,1.100000,0.000000,14,23,27,27,31,43,43,43,43,43,43,80,0,21,43.371663350308154,8.629014999314677,1410.9123710004496,75.0
1778448960,20,GET,GET /api/v1/questionnaires/active,4.200000,0.000000,12,16,18,19,21,22,46,46,46,46,46,262,0,17,20.3246576030317,7.045151000056649,130.7612960008555,0.0
1778448960,20,POST,POST /api/v1/auth/login,0.000000,0.000000,0,0,0,0,0,0,0,0,0,0,0,20,0,1000,1085.1777546011363,736.4814120010124,1529.259135000757,360.0
1778448960,20,POST,POST /api/v1/surveys,3.700000,0.000000,24,28,31,33,35,41,50,50,50,50,50,197,0,30,57.054449294551645,12.351794001006056,2654.601320002257,254.6497461928934
1778448960,20,,Aggregated,10.000000,0.000000,17,22,24,27,34,39,46,50,50,50,50,642,0,22,70.41849134745074,7.045151000056649,2654.601320002257,108.39719626168224
1778448961,20,GET,GET /api/v1/analytics/health-board,1.200000,0.000000,15,20,23,23,38,39,39,39,39,39,39,85,0,21,41.03267754112227,7.686199998715892,1436.493793000409,75.0
1778448961,20,GET,GET /api/v1/analytics/summary,1.400000,0.000000,14,17,18,27,31,43,43,43,43,43,43,83,0,21,42.29389240993124,8.629014999314677,1410.9123710004496,75.0
1778448961,20,GET,GET /api/v1/questionnaires/active,3.700000,0.000000,12,14,16,16,20,22,46,46,46,46,46,268,0,17,20.130657190259342,7.045151000056649,130.7612960008555,0.0
1778448961,20,POST,POST /api/v1/auth/login,0.000000,0.000000,0,0,0,0,0,0,0,0,0,0,0,20,0,1000,1085.1777546011363,736.4814120010124,1529.259135000757,360.0
1778448961,20,POST,POST /api/v1/surveys,3.300000,0.000000,24,27,29,33,35,41,50,50,50,50,50,198,0,30,56.84452868700471,12.351794001006056,2654.601320002257,254.65151515151516
1778448961,20,,Aggregated,9.600000,0.000000,15,19,22,24,33,39,46,50,50,50,50,654,0,22,69.34550238541108,7.045151000056649,2654.601320002257,107.37155963302752
1778448962,20,GET,GET /api/v1/analytics/health-board,1.300000,0.000000,15,20,23,23,38,39,39,39,39,39,39,86,0,20,40.716714162721644,7.686199998715892,1436.493793000409,75.0
1778448962,20,GET,GET /api/v1/analytics/summary,1.300000,0.000000,14,20,27,28,31,43,43,43,43,43,43,85,0,21,41.85842469442458,8.629014999314677,1410.9123710004496,75.0
1778448962,20,GET,GET /api/v1/questionnaires/active,4.200000,0.000000,12,16,16,18,20,22,46,46,46,46,46,273,0,17,20.082191575029988,7.045151000056649,130.7612960008555,0.0
1778448962,20,POST,POST /api/v1/auth/login,0.000000,0.000000,0,0,0,0,0,0,0,0,0,0,0,20,0,1000,1085.1777546011363,736.4814120010124,1529.259135000757,360.0
1778448962,20,POST,POST /api/v1/surveys,2.900000,0.000000,25,28,32,33,40,41,50,50,50,50,50,203,0,30,56.17920307896594,12.351794001006056,2654.601320002257,254.65024630541873
1778448962,20,,Aggregated,9.700000,0.000000,15,20,24,27,33,40,46,50,50,50,50,667,0,22,68.44074232991926,7.045151000056649,2654.601320002257,107.52473763118441
1778448963,20,GET,GET /api/v1/analytics/health-board,1.300000,0.000000,14,15,19,23,23,23,23,23,23,23,23,86,0,20,40.716714162721644,7.686199998715892,1436.493793000409,75.0
1778448963,20,GET,GET /api/v1/analytics/summary,1.300000,0.000000,14,18,20,23,28,43,43,43,43,43,43,86,0,21,41.638721488663236,8.629014999314677,1410.9123710004496,75.0
1778448963,20,GET,GET /api/v1/questionnaires/active,4.200000,0.000000,12,14,16,16,20,22,24,24,24,24,24,276,0,17,20.003973912974722,7.045151000056649,130.7612960008555,0.0
1778448963,20,POST,POST /api/v1/auth/login,0.000000,0.000000,0,0,0,0,0,0,0,0,0,0,0,20,0,1000,1085.1777546011363,736.4814120010124,1529.259135000757,360.0
1778448963,20,POST,POST /api/v1/surveys,2.900000,0.000000,24,26,27,32,34,35,40,40,40,40,40,206,0,30,55.69824726714694,12.351794001006056,2654.601320002257,254.6504854368932
1778448963,20,,Aggregated,9.700000,0.000000,14,18,22,23,27,33,40,43,43,43,43,674,0,22,67.92441883539335,7.045151000056649,2654.601320002257,107.65281899109792
1778448964,20,GET,GET /api/v1/analytics/health-board,1.300000,0.000000,15,18,19,19,23,23,23,23,23,23,23,89,0,19,39.95119993250524,7.686199998715892,1436.493793000409,75.0
1778448964,20,GET,GET /api/v1/analytics/summary,1.400000,0.000000,13,18,20,23,28,43,43,43,43,43,43,87,0,21,41.314951632484316,8.629014999314677,1410.9123710004496,75.0
1778448964,20,GET,GET /api/v1/questionnaires/active,4.200000,0.000000,12,14,16,18,20,22,24,24,24,24,24,278,0,17,19.97970460424702,7.045151000056649,130.7612960008555,0.0
1778448964,20,POST,POST /api/v1/auth/login,0.000000,0.000000,0,0,0,0,0,0,0,0,0,0,0,20,0,1000,1085.1777546011363,736.4814120010124,1529.259135000757,360.0
1778448964,20,POST,POST /api/v1/surveys,2.800000,0.000000,24,27,27,32,34,35,40,40,40,40,40,208,0,30,55.39570534151258,12.351794001006056,2654.601320002257,254.64423076923077
1778448964,20,,Aggregated,9.700000,0.000000,15,19,22,24,27,33,40,43,43,43,43,682,0,22,67.34644760858815,7.045151000056649,2654.601320002257,107.57478005865103
1778448965,20,GET,GET /api/v1/analytics/health-board,1.300000,0.000000,14,17,19,19,23,23,23,23,23,23,23,92,0,19,38.98702888039659,7.686199998715892,1436.493793000409,75.0
1778448965,20,GET,GET /api/v1/analytics/summary,1.400000,0.000000,13,15,20,20,28,43,43,43,43,43,43,90,0,21,40.353641089152205,8.629014999314677,1410.9123710004496,75.0
1778448965,20,GET,GET /api/v1/questionnaires/active,4.200000,0.000000,12,14,16,16,20,22,24,24,24,24,24,283,0,17,19.805365462849462,6.105277003371157,130.7612960008555,0.0
1778448965,20,POST,POST /api/v1/auth/login,0.000000,0.000000,0,0,0,0,0,0,0,0,0,0,0,20,0,1000,1085.1777546011363,736.4814120010124,1529.259135000757,360.0
1778448965,20,POST,POST /api/v1/surveys,2.800000,0.000000,24,26,27,28,34,35,40,40,40,40,40,212,0,29,54.657704533194604,11.343714999384247,2654.601320002257,254.64622641509433
1778448965,20,,Aggregated,9.700000,0.000000,14,18,21,23,27,32,40,43,43,43,43,697,0,21,66.16146518517441,6.105277003371157,2654.601320002257,107.36728837876615
1778448966,20,GET,GET /api/v1/analytics/health-board,1.100000,0.000000,15,18,19,19,23,23,23,23,23,23,23,92,0,19,38.98702888039659,7.686199998715892,1436.493793000409,75.0
1778448966,20,GET,GET /api/v1/analytics/summary,1.400000,0.000000,13,15,20,23,28,43,43,43,43,43,43,90,0,21,40.353641089152205,8.629014999314677,1410.9123710004496,75.0
1778448966,20,GET,GET /api/v1/questionnaires/active,4.100000,0.000000,12,14,16,17,20,22,24,24,24,24,24,288,0,16,19.68249665619876,6.105277003371157,130.7612960008555,0.0
1778448966,20,POST,POST /api/v1/auth/login,0.000000,0.000000,0,0,0,0,0,0,0,0,0,0,0,20,0,1000,1085.1777546011363,736.4814120010124,1529.259135000757,360.0
1778448966,20,POST,POST /api/v1/surveys,2.700000,0.000000,24,26,28,32,35,40,41,41,41,41,41,215,0,29,54.35293086064671,11.343714999384247,2654.601320002257,254.646511627907
1778448966,20,,Aggregated,9.300000,0.000000,14,18,21,23,26,32,41,43,43,43,43,705,0,21,65.64060797030808,6.105277003371157,2654.601320002257,107.23262411347518
1778448967,20,GET,GET /api/v1/analytics/health-board,1.500000,0.000000,14,17,19,19,23,23,23,23,23,23,23,93,0,19,38.658327537573754,7.686199998715892,1436.493793000409,75.0
1778448967,20,GET,GET /api/v1/analytics/summary,1.600000,0.000000,14,18,20,20,23,28,28,28,28,28,28,91,0,21,40.12976541787713,8.629014999314677,1410.9123710004496,75.0
1778448967,20,GET,GET /api/v1/questionnaires/active,4.100000,0.000000,13,16,17,18,22,24,24,24,24,24,24,290,0,16,19.70504323100362,6.105277003371157,130.7612960008555,0.0
1778448967,20,POST,POST /api/v1/auth/login,0.000000,0.000000,0,0,0,0,0,0,0,0,0,0,0,20,0,1000,1085.1777546011363,736.4814120010124,1529.259135000757,360.0
1778448967,20,POST,POST /api/v1/surveys,2.900000,0.000000,24,26,28,32,40,41,41,41,41,41,41,219,0,29,53.907500525300456,11.343714999384247,2654.601320002257,254.64840182648402
1778448967,20,,Aggregated,10.100000,0.000000,16,19,22,24,27,32,41,41,41,41,41,713,0,21,65.176428272196,6.105277003371157,2654.601320002257,107.66900420757364
1778448968,20,GET,GET /api/v1/analytics/health-board,1.500000,0.000000,14,15,18,18,19,19,19,19,19,19,19,93,0,19,38.658327537573754,7.686199998715892,1436.493793000409,75.0
1778448968,20,GET,GET /api/v1/analytics/summary,1.600000,0.000000,14,18,20,20,23,28,28,28,28,28,28,92,0,20,39.78189150027743,8.125364998704754,1410.9123710004496,75.0
1778448968,20,GET,GET /api/v1/questionnaires/active,4.100000,0.000000,13,16,18,19,22,24,24,24,24,24,24,295,0,17,19.663355742338,6.105277003371157,130.7612960008555,0.0
1778448968,20,POST,POST /api/v1/auth/login,0.000000,0.000000,0,0,0,0,0,0,0,0,0,0,0,20,0,1000,1085.1777546011363,736.4814120010124,1529.259135000757,360.0
1778448968,20,POST,POST /api/v1/surveys,2.900000,0.000000,25,26,32,32,41,41,48,48,48,48,48,223,0,29,53.40319676701248,11.343714999384247,2654.601320002257,254.65470852017938
1778448968,20,,Aggregated,10.100000,0.000000,16,19,22,24,28,32,41,48,48,48,48,723,0,21,64.54815545515366,6.105277003371157,2654.601320002257,107.69432918395574
1778448969,20,GET,GET /api/v1/analytics/health-board,1.500000,0.000000,12,14,17,18,19,19,19,19,19,19,19,93,0,19,38.658327537573754,7.686199998715892,1436.493793000409,75.0
1778448969,20,GET,GET /api/v1/analytics/summary,1.500000,0.000000,15,18,20,20,23,28,28,28,28,28,28,92,0,20,39.78189150027743,8.125364998704754,1410.9123710004496,75.0
1778448969,20,GET,GET /api/v1/questionnaires/active,4.000000,0.000000,13,16,18,19,22,24,24,24,24,24,24,301,0,16,19.515657136165515,6.105277003371157,130.7612960008555,0.0
1778448969,20,POST,POST /api/v1/auth/login,0.000000,0.000000,0,0,0,0,0,0,0,0,0,0,0,20,0,1000,1085.1777546011363,736.4814120010124,1529.259135000757,360.0
1778448969,20,POST,POST /api/v1/surveys,2.700000,0.000000,25,26,28,32,41,41,48,48,48,48,48,227,0,29,52.82652680635504,11.343714999384247,2654.601320002257,254.65198237885463
1778448969,20,,Aggregated,9.700000,0.000000,16,20,22,24,28,32,41,48,48,48,48,733,0,21,63.88069297963305,6.105277003371157,2654.601320002257,107.61391541609822
1778448970,20,GET,GET /api/v1/analytics/health-board,1.200000,0.000000,12,14,17,18,19,19,19,19,19,19,19,93,0,19,38.658327537573754,7.686199998715892,1436.493793000409,75.0
1778448970,20,GET,GET /api/v1/analytics/summary,1.400000,0.000000,18,20,23,23,28,45,45,45,45,45,45,94,0,20,39.60221983006124,8.125364998704754,1410.9123710004496,75.0
1778448970,20,GET,GET /api/v1/questionnaires/active,4.300000,0.000000,14,17,18,20,22,24,24,24,24,24,24,306,0,16,19.495238673163627,6.105277003371157,130.7612960008555,0.0
1778448970,20,POST,POST /api/v1/auth/login,0.000000,0.000000,0,0,0,0,0,0,0,0,0,0,0,20,0,1000,1085.1777546011363,736.4814120010124,1529.259135000757,360.0
1778448970,20,POST,POST /api/v1/surveys,3.100000,0.000000,26,28,32,32,40,41,48,48,48,48,48,230,0,29,52.5651242610405,11.343714999384247,2654.601320002257,254.65652173913043
1778448970,20,,Aggregated,10.000000,0.000000,18,21,24,26,32,40,45,48,48,48,48,743,0,21,63.36057850749694,6.105277003371157,2654.601320002257,107.39703903095558
1778448971,20,GET,GET /api/v1/analytics/health-board,1.200000,0.000000,17,19,25,25,27,30,30,30,30,30,30,96,0,19,38.31515834368323,7.686199998715892,1436.493793000409,75.0
1778448971,20,GET,GET /api/v1/analytics/summary,1.400000,0.000000,20,20,28,28,45,60,60,60,60,60,60,96,0,21,39.6875125106817,8.125364998704754,1410.9123710004496,75.0
1778448971,20,GET,GET /api/v1/questionnaires/active,4.300000,0.000000,14,17,18,20,22,23,24,24,24,24,24,310,0,16,19.450886409627387,6.105277003371157,130.7612960008555,0.0
1778448971,20,POST,POST /api/v1/auth/login,0.000000,0.000000,0,0,0,0,0,0,0,0,0,0,0,20,0,1000,1085.1777546011363,736.4814120010124,1529.259135000757,360.0
1778448971,20,POST,POST /api/v1/surveys,3.100000,0.000000,26,28,32,32,41,41,48,48,48,48,48,231,0,29,52.492883913579305,11.343714999384247,2654.601320002257,254.65367965367966
1778448971,20,,Aggregated,10.000000,0.000000,18,21,24,26,32,41,48,60,60,60,60,753,0,21,62.878409648158126,6.105277003371157,2654.601320002257,106.80610889774236
1778448972,20,GET,GET /api/v1/analytics/health-board,1.000000,0.000000,18,22,25,27,27,30,30,30,30,30,30,99,0,19,37.81773692926344,7.686199998715892,1436.493793000409,75.0
1778448972,20,GET,GET /api/v1/analytics/summary,1.400000,0.000000,18,20,28,28,45,60,60,60,60,60,60,98,0,21,39.249921092124744,8.125364998704754,1410.9123710004496,75.0
1778448972,20,GET,GET /api/v1/questionnaires/active,4.300000,0.000000,15,17,20,20,22,23,24,24,24,24,24,312,0,16,19.4397875063656,6.105277003371157,130.7612960008555,0.0
1778448972,20,POST,POST /api/v1/auth/login,0.000000,0.000000,0,0,0,0,0,0,0,0,0,0,0,20,0,1000,1085.1777546011363,736.4814120010124,1529.259135000757,360.0
1778448972,20,POST,POST /api/v1/surveys,3.300000,0.000000,27,32,36,36,41,41,48,48,48,48,48,234,0,29,52.29386526086747,11.343714999384247,2654.601320002257,254.65384615384616
1778448972,20,,Aggregated,10.000000,0.000000,18,21,25,27,36,41,48,60,60,60,60,763,0,21,62.3800543749372,6.105277003371157,2654.601320002257,106.89908256880734
1778448973,20,GET,GET /api/v1/analytics/health-board,1.100000,0.000000,19,22,25,27,27,30,30,30,30,30,30,100,0,19,37.62675625996053,7.686199998715892,1436.493793000409,75.0
1778448973,20,GET,GET /api/v1/analytics/summary,1.300000,0.000000,20,21,32,32,45,60,60,60,60,60,60,99,0,21,39.176605929572936,8.125364998704754,1410.9123710004496,75.0
1778448973,20,GET,GET /api/v1/questionnaires/active,4.300000,0.000000,16,18,20,20,23,26,31,31,31,31,31,316,0,17,19.488876348066096,6.105277003371157,130.7612960008555,0.0
1778448973,20,POST,POST /api/v1/auth/login,0.000000,0.000000,0,0,0,0,0,0,0,0,0,0,0,20,0,1000,1085.1777546011363,736.4814120010124,1529.259135000757,360.0
1778448973,20,POST,POST /api/v1/surveys,3.300000,0.000000,30,32,36,36,41,41,48,48,48,48,48,238,0,30,51.90956849596774,11.343714999384247,2654.601320002257,254.65126050420167
1778448973,20,,Aggregated,10.000000,0.000000,19,23,27,30,36,41,48,60,60,60,60,773,0,21,61.91161310876547,6.105277003371157,2654.601320002257,107.02716688227684
1778448974,20,GET,GET /api/v1/analytics/health-board,1.400000,0.000000,19,25,27,27,29,30,30,30,30,30,30,101,0,19,37.53857397028282,7.686199998715892,1436.493793000409,75.0
1778448974,20,GET,GET /api/v1/analytics/summary,1.400000,0.000000,18,20,28,32,45,60,60,60,60,60,60,102,0,20,38.53313202971014,8.125364998704754,1410.9123710004496,75.0
1778448974,20,GET,GET /api/v1/questionnaires/active,3.800000,0.000000,17,19,20,22,24,28,31,31,31,31,31,322,0,17,19.485371981323816,6.105277003371157,130.7612960008555,0.0
1778448974,20,POST,POST /api/v1/auth/login,0.000000,0.000000,0,0,0,0,0,0,0,0,0,0,0,20,0,1000,1085.1777546011363,736.4814120010124,1529.259135000757,360.0
1778448974,20,POST,POST /api/v1/surveys,3.200000,0.000000,30,32,36,36,41,41,48,48,48,48,48,239,0,30,51.79995293739967,11.343714999384247,2654.601320002257,254.65271966527197
1778448974,20,,Aggregated,9.800000,0.000000,20,26,28,30,36,41,48,60,60,60,60,784,0,21,61.32628706642412,6.105277003371157,2654.601320002257,106.23341836734694
1778448975,20,GET,GET /api/v1/analytics/health-board,1.400000,0.000000,25,27,27,29,30,30,30,30,30,30,30,101,0,19,37.53857397028282,7.686199998715892,1436.493793000409,75.0
1778448975,20,GET,GET /api/v1/analytics/summary,1.300000,0.000000,20,21,28,32,45,60,60,60,60,60,60,103,0,20,38.326731563412395,8.125364998704754,1410.9123710004496,75.0
1778448975,20,GET,GET /api/v1/questionnaires/active,4.000000,0.000000,17,19,20,22,24,28,31,31,31,31,31,325,0,17,19.42551072302964,6.105277003371157,130.7612960008555,0.0
1778448975,20,POST,POST /api/v1/auth/login,0.000000,0.000000,0,0,0,0,0,0,0,0,0,0,0,20,0,1000,1085.1777546011363,736.4814120010124,1529.259135000757,360.0
1778448975,20,POST,POST /api/v1/surveys,3.000000,0.000000,30,33,36,36,40,41,48,48,48,48,48,241,0,30,51.57584077609786,11.343714999384247,2654.601320002257,254.64730290456433
1778448975,20,,Aggregated,9.700000,0.000000,20,24,28,30,36,40,48,60,60,60,60,790,0,21,60.99452281781897,6.105277003371157,2654.601320002257,106.16455696202532
1778448976,20,GET,GET /api/v1/analytics/health-board,1.400000,0.000000,25,27,27,29,30,30,30,30,30,30,30,102,0,19,37.33350291176797,7.686199998715892,1436.493793000409,75.0
1778448976,20,GET,GET /api/v1/analytics/summary,1.300000,0.000000,18,20,28,32,45,60,60,60,60,60,60,105,0,20,37.84372899075,8.125364998704754,1410.9123710004496,75.0
1778448976,20,GET,GET /api/v1/questionnaires/active,4.000000,0.000000,16,18,20,20,24,28,31,31,31,31,31,330,0,16,19.297923639356725,6.105277003371157,130.7612960008555,0.0
1778448976,20,POST,POST /api/v1/auth/login,0.000000,0.000000,0,0,0,0,0,0,0,0,0,0,0,20,0,1000,1085.1777546011363,736.4814120010124,1529.259135000757,360.0
1778448976,20,POST,POST /api/v1/surveys,3.000000,0.000000,30,33,36,36,38,40,48,48,48,48,48,242,0,30,51.494968578676776,11.343714999384247,2654.601320002257,254.6487603305785
1778448976,20,,Aggregated,9.700000,0.000000,19,23,28,30,35,38,48,60,60,60,60,799,0,21,60.46966349196409,6.105277003371157,2654.601320002257,105.5694618272841
1778448977,20,GET,GET /api/v1/analytics/health-board,0.900000,0.000000,24,25,27,27,29,30,30,30,30,30,30,104,0,19,36.964820817292306,7.686199998715892,1436.493793000409,75.0
1778448977,20,GET,GET /api/v1/analytics/summary,1.300000,0.000000,18,20,21,28,45,60,60,60,60,60,60,107,0,20,37.343789972238426,7.884229999035597,1410.9123710004496,75.0
1778448977,20,GET,GET /api/v1/questionnaires/active,4.100000,0.000000,16,17,19,20,26,28,31,31,31,31,31,333,0,16,19.287091150102707,6.105277003371157,130.7612960008555,0.0
1778448977,20,POST,POST /api/v1/auth/login,0.000000,0.000000,0,0,0,0,0,0,0,0,0,0,0,20,0,1000,1085.1777546011363,736.4814120010124,1529.259135000757,360.0
1778448977,20,POST,POST /api/v1/surveys,2.900000,0.000000,30,33,36,36,38,40,42,42,42,42,42,247,0,30,51.04585249408024,11.343714999384247,2654.601320002257,254.64777327935224
1778448977,20,,Aggregated,9.200000,0.000000,19,25,28,30,36,38,45,60,60,60,60,811,0,21,59.89470888171721,6.105277003371157,2654.601320002257,105.94697903822441
1778448978,20,GET,GET /api/v1/analytics/health-board,1.000000,0.000000,24,27,27,27,29,30,30,30,30,30,30,104,0,19,36.964820817292306,7.686199998715892,1436.493793000409,75.0
1778448978,20,GET,GET /api/v1/analytics/summary,1.500000,0.000000,17,20,21,28,45,60,60,60,60,60,60,109,0,20,36.91873866997295,7.884229999035597,1410.9123710004496,75.0
1778448978,20,GET,GET /api/v1/questionnaires/active,4.300000,0.000000,16,18,19,20,26,28,31,31,31,31,31,337,0,16,19.218474121617746,6.105277003371157,130.7612960008555,0.0
1778448978,20,POST,POST /api/v1/auth/login,0.000000,0.000000,0,0,0,0,0,0,0,0,0,0,0,20,0,1000,1085.1777546011363,736.4814120010124,1529.259135000757,360.0
1778448978,20,POST,POST /api/v1/surveys,2.700000,0.000000,32,36,36,36,38,40,42,42,42,42,42,248,0,30,50.99359304047598,11.343714999384247,2654.601320002257,254.6491935483871
1778448978,20,,Aggregated,9.500000,0.000000,19,26,29,30,36,38,45,60,60,60,60,818,0,21,59.52943254898704,6.105277003371157,2654.601320002257,105.53545232273838
1778448979,20,GET,GET /api/v1/analytics/health-board,0.900000,0.000000,25,27,29,29,29,30,30,30,30,30,30,105,0,19,36.885389028542534,7.686199998715892,1436.493793000409,75.0
1778448979,20,GET,GET /api/v1/analytics/summary,1.700000,0.000000,17,20,24,24,32,60,60,60,60,60,60,110,0,20,36.804794009334394,7.884229999035597,1410.9123710004496,75.0
1778448979,20,GET,GET /api/v1/questionnaires/active,4.200000,0.000000,16,19,20,23,27,28,31,31,31,31,31,345,0,16,19.178578194143906,6.105277003371157,130.7612960008555,0.0
1778448979,20,POST,POST /api/v1/auth/login,0.000000,0.000000,0,0,0,0,0,0,0,0,0,0,0,20,0,1000,1085.1777546011363,736.4814120010124,1529.259135000757,360.0
1778448979,20,POST,POST /api/v1/surveys,2.700000,0.000000,33,36,36,38,40,42,42,42,42,42,42,248,0,30,50.99359304047598,11.343714999384247,2654.601320002257,254.6491935483871
1778448979,20,,Aggregated,9.500000,0.000000,19,24,27,29,35,38,42,60,60,60,60,828,0,21,59.04356139138184,6.105277003371157,2654.601320002257,104.44202898550725
1778448980,20,GET,GET /api/v1/analytics/health-board,1.100000,0.000000,21,22,27,27,29,29,29,29,29,29,29,108,0,19,36.402371611108755,7.686199998715892,1436.493793000409,75.0
1778448980,20,GET,GET /api/v1/analytics/summary,1.700000,0.000000,17,18,21,24,32,35,35,35,35,35,35,111,0,20,36.78607405428822,7.884229999035597,1410.9123710004496,75.0
1778448980,20,GET,GET /api/v1/questionnaires/active,4.100000,0.000000,15,18,20,24,27,31,41,41,41,41,41,349,0,16,19.174757392488768,6.105277003371157,130.7612960008555,0.0
1778448980,20,POST,POST /api/v1/auth/login,0.000000,0.000000,0,0,0,0,0,0,0,0,0,0,0,20,0,1000,1085.1777546011363,736.4814120010124,1529.259135000757,360.0
1778448980,20,POST,POST /api/v1/surveys,2.500000,0.000000,33,36,38,38,42,64,64,64,64,64,64,249,0,30,51.04682519694722,11.343714999384247,2654.601320002257,254.65060240963857
1778448980,20,,Aggregated,9.400000,0.000000,19,24,27,30,35,38,42,64,64,64,64,837,0,21,58.68687604548017,6.105277003371157,2654.601320002257,103.9820788530466
